"date","AQI","Range","Level","PM2.5","PM10","SO2","CO","NO2","O3","Order","Year"
2014-01-01,87,"76~99","¡º",45,111.3,27.7,1.5,61.9,64,32,2014
2014-01-02,119,"80~218","«·∂»Œ€»æ",111.4,168.5,69.3,3.426,93.1,17,66,2014
2014-01-03,81,"38~202","¡º",46.5,97.7,29,1.313,52,65,41,2014
2014-01-04,151,"87~229","÷–∂»Œ€»æ",114.4,147,40,2.823,75.4,10,112,2014
2014-01-05,121,"33~220","«·∂»Œ€»æ",90.5,117.5,35.9,2.305,67,57,67,2014
2014-01-06,181,"149~228","÷–∂»Œ€»æ",137.5,157.8,46.3,2.39,68.2,11,104,2014
2014-01-07,144,"20~247","«·∂»Œ€»æ",110.6,124.9,34.4,1.97,59.8,55,85,2014
2014-01-08,29,"20~43","”≈",15.3,24.6,13,0.509,21.1,59,9,2014
2014-01-09,44,"18~82","”≈",27,45.5,19.3,0.804,34.5,65,25,2014
2014-01-10,86,"53~157","¡º",62.8,93.5,53.2,1.904,70.5,28,58,2014
2014-01-11,140,"84~247","«·∂»Œ€»æ",106.2,128.2,75.9,2.827,89.8,20,106,2014
2014-01-12,47,"20~87","”≈",26.6,47.2,26.9,0.728,39.1,68,32,2014
2014-01-13,110,"69~194","«·∂»Œ€»æ",82.2,107,66.5,2.305,78.1,27,113,2014
2014-01-14,109,"50~175","«·∂»Œ€»æ",81.5,107.6,67.8,2.405,74.2,31,87,2014
2014-01-15,120,"67~458","«·∂»Œ€»æ",94.9,117.4,66,2.658,83.8,25,68,2014
2014-01-16,390,"172~487","—œ÷ÿŒ€»æ",353,384.5,109.2,4.6,122.9,32,179,2014
2014-01-17,207,"94~365","÷ÿ∂»Œ€»æ",165.1,193.8,66.7,2.46,75.8,47,115,2014
2014-01-18,100,"36~237","«·∂»Œ€»æ",74.5,81.2,42.2,1.517,60.8,44,50,2014
2014-01-19,178,"119~244","÷–∂»Œ€»æ",115.4,186.1,71.3,2.513,72.2,66,101,2014
2014-01-20,39,"26~103","”≈",7.8,34.7,6.1,0.324,14.7,67,6,2014
2014-01-21,30,"23~52","”≈",18.3,24.9,26.5,0.729,34,50,6,2014
2014-01-22,150,"105~247","÷–∂»Œ€»æ",114.8,137.6,74.5,2.216,93.3,22,147,2014
2014-01-23,271,"228~325","÷ÿ∂»Œ€»æ",220.9,262.5,117.6,4.057,125,10,182,2014
2014-01-24,185,"46~314","÷–∂»Œ€»æ",147.8,167.8,78.6,2.783,92.1,30,117,2014
2014-01-25,42,"21~81","”≈",24.2,41.6,24.5,0.964,42.3,66,18,2014
2014-01-26,77,"54~146","¡º",52.6,81,44.9,0.99,47.5,51,78,2014
2014-01-27,128,"28~206","«·∂»Œ€»æ",89.2,119.5,56.5,1.776,60,63,116,2014
2014-01-28,61,"23~106","¡º",39.6,74.9,28.2,0.91,38.5,70,53,2014
2014-01-29,154,"93~250","÷–∂»Œ€»æ",118.2,141.2,70.7,2.326,74.9,24,136,2014
2014-01-30,99,"22~233","¡º",71.7,96.7,39.3,1.214,45.9,73,50,2014
2014-01-31,184,"110~361","÷–∂»Œ€»æ",143.2,181.7,63.2,1.457,47.9,45,82,2014
2015-01-01,61,"20~121","¡º",41,66.8,23.8,1.089,49.9,51,190,2015
2015-01-02,72,"20~150","¡º",50.6,80.3,31.4,1.346,60,50,133,2015
2015-01-03,194,"163~256","÷–∂»Œ€»æ",148.2,193.4,66.7,3.238,100.7,22,315,2015
2015-01-04,218,"142~306","÷ÿ∂»Œ€»æ",173.8,224.9,74.8,3.675,119.6,26,279,2015
2015-01-05,155,"34~262","÷–∂»Œ€»æ",106.6,156.4,57.2,2.9,70,69,208,2015
2015-01-06,53,"23~138","¡º",34.2,51.2,22.2,0.805,40.1,58,108,2015
2015-01-07,85,"38~146","¡º",61.8,89.1,38.1,1.771,64,40,193,2015
2015-01-08,163,"104~277","÷–∂»Œ€»æ",124.1,151,49.4,2.981,91.9,15,297,2015
2015-01-09,99,"19~269","¡º",73.3,92.8,32.3,1.578,61.3,64,128,2015
2015-01-10,191,"96~270","÷–∂»Œ€»æ",146.7,174.3,54.8,2.813,94.5,48,287,2015
2015-01-11,56,"18~153","¡º",37.3,55,18,0.896,46.5,50,81,2015
2015-01-12,154,"125~220","÷–∂»Œ€»æ",116.9,146,43,2.185,72.2,37,304,2015
2015-01-13,203,"161~264","÷ÿ∂»Œ€»æ",155.8,183.3,54,2.817,91.8,21,335,2015
2015-01-14,265,"215~317","÷ÿ∂»Œ€»æ",213.9,250.8,54.1,3.083,100.3,7,356,2015
2015-01-15,373,"281~460","—œ÷ÿŒ€»æ",328.3,375.5,34.3,4.739,111.4,7,363,2015
2015-01-16,138,"19~458","«·∂»Œ€»æ",111.9,119.5,9.2,1.636,41.8,68,121,2015
2015-01-17,83,"20~171","¡º",59.5,71.3,29.5,1.208,57.2,44,148,2015
2015-01-18,112,"48~185","«·∂»Œ€»æ",68.4,109.7,29.9,1.49,51.6,77,201,2015
2015-01-19,66,"27~128","¡º",42.9,73.7,25,1.291,58.7,59,110,2015
2015-01-20,112,"94~144","«·∂»Œ€»æ",84.1,107.6,43.8,1.996,74.5,34,232,2015
2015-01-21,33,"19~85","”≈",19.1,23.4,15.8,0.639,32.2,68,19,2015
2015-01-22,129,"48~242","«·∂»Œ€»æ",97.7,120.6,39.1,1.992,79.6,45,204,2015
2015-01-23,257,"222~307","÷ÿ∂»Œ€»æ",206.1,232.7,61.4,3.553,120.9,20,358,2015
2015-01-24,130,"74~299","«·∂»Œ€»æ",95.7,145.1,33,2.009,69.8,34,188,2015
2015-01-25,175,"115~257","÷–∂»Œ€»æ",134.3,99.6,15.6,1.742,60.5,37,249,2015
2015-01-26,136,"23~271","«·∂»Œ€»æ",102.3,106.5,10.9,1.668,42.7,64,160,2015
2015-01-27,33,"23~66","”≈",16.9,28,14.3,0.629,29.2,60,44,2015
2015-01-28,52,"19~125","¡º",36.7,47.4,21.3,1.03,49.3,49,142,2015
2015-01-29,89,"24~182","¡º",62.6,77.2,21.9,1.2,41.3,68,202,2015
2015-01-30,28,"22~39","”≈",11.6,21.4,12.3,0.53,25.6,70,22,2015
2015-01-31,43,"19~131","”≈",29.5,42,19,0.833,42.5,59,69,2015
2016-01-01,216,"134~329","÷ÿ∂»Œ€»æ",171,189,33,3.333,104.8,18,305,2016
2016-01-02,306,"236~447","—œ÷ÿŒ€»æ",258.7,273.5,35.2,4.521,123,27,344,2016
2016-01-03,300,"210~465","÷ÿ∂»Œ€»æ",254.6,295.9,20.4,3.638,86.5,31,323,2016
2016-01-04,62,"18~294","¡º",46.3,23,6.3,1.013,35.3,64,63,2016
2016-01-05,46,"13~114","”≈",31.6,43.2,10.6,0.867,36.2,52,96,2016
2016-01-06,46,"26~105","”≈",27.4,49.5,10.6,1.004,37.1,61,92,2016
2016-01-07,21,"13~27","”≈",12.3,20.6,6.4,0.546,27.6,58,11,2016
2016-01-08,57,"18~148","¡º",39.4,54.5,14,0.988,46.5,59,93,2016
2016-01-09,100,"43~208","¡º",72.3,98.5,22.5,1.833,72.5,32,175,2016
2016-01-10,76,"28~180","¡º",51.1,84.5,21.6,1.575,58,43,148,2016
2016-01-11,23,"17~34","”≈",11.3,22.1,5.8,0.563,24.6,64,29,2016
2016-01-12,28,"15~40","”≈",13.4,27.3,7.5,0.65,29.3,58,32,2016
2016-01-13,43,"19~69","”≈",25.1,45,13.3,0.925,47.2,60,73,2016
2016-01-14,94,"59~150","¡º",70,93.8,26.2,1.829,71.7,53,201,2016
2016-01-15,127,"74~250","«·∂»Œ€»æ",95.9,122.8,33.7,2.579,83.9,33,244,2016
2016-01-16,164,"129~255","÷–∂»Œ€»æ",125.3,142.7,44.9,2.563,72.3,21,288,2016
2016-01-17,61,"22~198","¡º",41.9,42.3,9.5,0.917,30.8,71,102,2016
2016-01-18,42,"22~65","”≈",9.8,43.9,4.2,0.546,17.4,63,78,2016
2016-01-19,82,"38~140","¡º",58,84.3,21.6,1.579,60.4,40,170,2016
2016-01-20,151,"119~199","÷–∂»Œ€»æ",114.4,139.5,54.9,3.317,78.4,16,325,2016
2016-01-21,175,"144~200","÷–∂»Œ€»æ",132.1,148.2,29,2.763,68.9,17,340,2016
2016-01-22,45,"23~195","”≈",18.1,36.4,5.5,0.663,18,67,113,2016
2016-01-23,39,"16~70","”≈",9.1,41.5,4,0.6,13.1,63,117,2016
2016-01-24,49,"38~57","”≈",12.1,49.9,6,0.6,22.5,64,127,2016
2016-01-25,47,"28~69","”≈",27.4,47.5,16.4,0.829,42.4,52,84,2016
2016-01-26,57,"32~132","¡º",32.1,57.4,17.3,0.779,35.7,64,101,2016
2016-01-27,126,"59~227","«·∂»Œ€»æ",94.6,104.3,36.9,2.117,76.8,35,241,2016
2016-01-28,161,"85~246","÷–∂»Œ€»æ",123.3,134.1,44.8,2.396,80.9,53,296,2016
2016-01-29,88,"64~169","¡º",64.7,83.3,36.3,1.813,56.1,36,219,2016
2016-01-30,71,"24~113","¡º",51.4,60.3,22,1.304,49.6,48,178,2016
2016-01-31,30,"14~88","”≈",18,27.8,9.5,0.592,29.3,70,49,2016
2014-02-01,179,"149~213","÷–∂»Œ€»æ",135.1,145.8,51.5,1.982,57.5,16,130,2014
2014-02-02,109,"34~206","«·∂»Œ€»æ",65.9,97.5,19.1,1.218,31.3,77,63,2014
2014-02-03,40,"33~58","”≈",5.2,31.7,4.8,0.31,8.1,76,29,2014
2014-02-04,51,"29~128","¡º",26.9,40.3,19.1,0.611,21.1,71,52,2014
2014-02-05,117,"91~158","«·∂»Œ€»æ",88.3,102.4,53.2,1.577,48.7,48,177,2014
2014-02-06,159,"118~197","÷–∂»Œ€»æ",120.2,130.4,66.3,2.044,63.8,48,181,2014
2014-02-07,134,"130~137","«·∂»Œ€»æ",101.7,67.3,33.3,1.6,59,16,167,2014
2014-02-08,96,"22~169","¡º",66.7,39.7,22.8,1.195,35.9,69,105,2014
2014-02-09,29,"25~33","”≈",9,15.7,15.6,0.458,17.7,68,35,2014
2014-02-10,37,"21~82","”≈",24.2,28.5,25.6,0.738,37.7,62,39,2014
2014-02-11,129,"80~228","«·∂»Œ€»æ",97.9,111.5,57.8,2.059,76.8,49,147,2014
2014-02-12,150,"53~216","÷–∂»Œ€»æ",111.5,115.8,53,2.163,77.4,57,134,2014
2014-02-13,239,"211~285","÷ÿ∂»Œ€»æ",187.8,173.3,73.3,2.817,83.6,33,180,2014
2014-02-14,311,"248~500","—œ÷ÿŒ€»æ",265.3,295.3,73.3,3.1,94.8,35,181,2014
2014-02-15,428,"358~500","—œ÷ÿŒ€»æ",392.6,448.6,100.2,3.783,109.7,33,186,2014
2014-02-16,339,"183~470","—œ÷ÿŒ€»æ",296,204,79.1,3.175,87.6,77,178,2014
2014-02-17,138,"73~276","«·∂»Œ€»æ",105.1,51.6,66.5,2.073,72.5,67,145,2014
2014-02-18,96,"59~133","¡º",70.8,84.1,37.6,1.133,61.3,52,141,2014
2014-02-19,87,"24~173","¡º",64.3,71.6,33.7,1.2,60.3,71,95,2014
2014-02-20,212,"172~314","÷ÿ∂»Œ€»æ",164.4,174.8,44.8,2.175,78.9,24,167,2014
2014-02-21,309,"285~326","—œ÷ÿŒ€»æ",258.6,284.1,77.8,2.68,100.8,35,184,2014
2014-02-22,314,"283~341","—œ÷ÿŒ€»æ",262.9,300.4,101.9,3.357,101.5,24,182,2014
2014-02-23,261,"234~291","÷ÿ∂»Œ€»æ",210.6,245.6,129.7,3.596,91.9,15,172,2014
2014-02-24,310,"275~399","—œ÷ÿŒ€»æ",259.8,327.3,133.1,4.748,119.4,25,176,2014
2014-02-25,403,"383~419","—œ÷ÿŒ€»æ",354.3,389.1,78.3,5.22,121.6,16,182,2014
2014-02-26,331,"84~500","—œ÷ÿŒ€»æ",315.5,250.1,80.5,3.692,105.6,29,162,2014
2014-02-27,33,"18~61","”≈",16.5,24.3,13.3,0.467,25.3,73,16,2014
2014-02-28,106,"58~185","«·∂»Œ€»æ",77.8,102,32.6,1.505,71.4,49,149,2014
2015-02-01,103,"55~191","«·∂»Œ€»æ",76.6,98.5,40.8,1.913,67.3,35,232,2015
2015-02-02,184,"125~229","÷–∂»Œ€»æ",139.2,155.7,56.5,2.458,86.7,26,321,2015
2015-02-03,156,"33~255","÷–∂»Œ€»æ",117.4,78.7,28.8,1.909,61,80,229,2015
2015-02-04,37,"25~79","”≈",10.5,32.3,9.2,0.374,19.8,73,45,2015
2015-02-05,45,"27~97","”≈",27,35.3,16,0.709,42.1,72,68,2015
2015-02-06,89,"50~141","¡º",65.4,78.3,30,1.778,72.4,57,169,2015
2015-02-07,37,"25~108","”≈",13.4,26,10.3,0.439,22.1,81,24,2015
2015-02-08,45,"26~119","”≈",23.5,31.8,16.5,0.583,29.5,68,74,2015
2015-02-09,144,"105~221","«·∂»Œ€»æ",108.7,126.8,47.6,1.904,78.5,42,319,2015
2015-02-10,163,"93~216","÷–∂»Œ€»æ",122.8,138.3,47.3,2.392,93.7,70,314,2015
2015-02-11,62,"32~179","¡º",41,56.1,23,1.013,43.7,88,73,2015
2015-02-12,50,"29~116","¡º",31.8,41.6,16.1,0.767,43.6,83,62,2015
2015-02-13,157,"116~275","÷–∂»Œ€»æ",120.6,131.4,33.5,2.152,83.4,60,281,2015
2015-02-14,287,"232~376","÷ÿ∂»Œ€»æ",236.4,238.6,55.4,3.163,109.3,83,357,2015
2015-02-15,335,"258~380","—œ÷ÿŒ€»æ",284.5,307.8,78.2,4.425,113.4,25,360,2015
2015-02-16,164,"38~303","÷–∂»Œ€»æ",121.2,155.8,30.5,2.271,54.1,76,206,2015
2015-02-17,43,"29~75","”≈",21.9,41.4,10,0.533,28.3,83,35,2015
2015-02-18,68,"19~226","¡º",46,56.5,18.2,0.746,30.5,85,98,2015
2015-02-19,266,"175~436","÷ÿ∂»Œ€»æ",217.8,248.5,54.7,1.496,41.8,72,346,2015
2015-02-20,181,"141~245","÷–∂»Œ€»æ",138.3,29.2,8.7,1.465,37.8,51,353,2015
2015-02-21,279,"176~500","÷ÿ∂»Œ€»æ",152.4,172.1,8.7,1.639,31.9,77,361,2015
2015-02-22,199,"66~500","÷–∂»Œ€»æ",41.9,277,4,0.404,14.5,70,246,2015
2015-02-23,94,"60~261","¡º",55.3,113.8,20.6,0.8,33.6,74,212,2015
2015-02-24,198,"139~267","÷–∂»Œ€»æ",153.1,213,33.9,2.132,58.7,66,352,2015
2015-02-25,107,"20~274","«·∂»Œ€»æ",77,109.5,10,1.073,32.3,85,165,2015
2015-02-26,34,"27~40","”≈",12.7,25.7,6,0.387,18.1,82,59,2015
2015-02-27,41,"25~69","”≈",23.1,37.1,13.2,0.667,29.7,56,124,2015
2015-02-28,163,"60~272","÷–∂»Œ€»æ",123.3,126.5,7.9,1.279,40,46,336,2015
2016-02-01,24,"17~31","”≈",13.3,22.2,9.1,0.588,31.8,72,46,2016
2016-02-02,40,"20~97","”≈",28.3,34.6,15.3,0.892,48,60,60,2016
2016-02-03,52,"30~79","¡º",35.7,46.8,19.1,1.213,56.5,56,58,2016
2016-02-04,25,"16~52","”≈",12.9,23.8,7.8,0.479,23.9,78,13,2016
2016-02-05,32,"19~52","”≈",9.8,31.1,5.7,0.379,16.4,78,42,2016
2016-02-06,42,"18~100","”≈",28,39.6,12.8,0.729,33.8,82,81,2016
2016-02-07,67,"44~189","¡º",42.7,69.3,19.8,0.925,37.2,82,118,2016
2016-02-08,201,"22~500","÷ÿ∂»Œ€»æ",200.6,262.1,57,1.063,38.5,77,150,2016
2016-02-09,57,"29~105","¡º",40.8,48.8,19.2,1.063,39.7,103,102,2016
2016-02-10,124,"92~211","«·∂»Œ€»æ",93.5,96.5,47.8,2.458,63.6,58,274,2016
2016-02-11,203,"166~228","÷ÿ∂»Œ€»æ",154.2,167.4,44.7,3.113,69.7,24,334,2016
2016-02-12,192,"69~260","÷–∂»Œ€»æ",147.7,99.4,18.8,2.213,55.8,58,313,2016
2016-02-13,22,"17~46","”≈",10.4,9,5,0.342,12.1,69,24,2016
2016-02-14,23,"17~33","”≈",7.4,14.7,3.5,0.346,11,72,42,2016
2016-02-15,39,"18~83","”≈",7.5,43.9,3.6,0.333,14,75,144,2016
2016-02-16,37,"24~56","”≈",7.4,37.3,5,0.325,16.7,77,101,2016
2016-02-17,61,"19~100","¡º",43.5,48.8,15.6,1.042,47,87,188,2016
2016-02-18,36,"24~80","”≈",15.8,31.5,5.8,0.446,23.4,88,32,2016
2016-02-19,32,"20~75","”≈",15,31.6,5.5,0.504,26.9,84,26,2016
2016-02-20,27,"17~59","”≈",14.8,21.2,5.9,0.43,20.2,82,21,2016
2016-02-21,103,"54~178","«·∂»Œ€»æ",77,97.1,25.1,1.429,55.8,69,228,2016
2016-02-22,104,"36~182","«·∂»Œ€»æ",72.2,91.2,17.1,1.163,43,85,210,2016
2016-02-23,24,"19~35","”≈",11.2,19.2,5.1,0.342,16.5,84,33,2016
2016-02-24,49,"23~69","”≈",26.2,46,9.9,0.758,35.4,84,115,2016
2016-02-25,43,"26~59","”≈",24.3,43.8,9.9,0.733,35.7,65,71,2016
2016-02-26,52,"16~103","¡º",35.3,56.8,13.3,0.771,39.4,79,125,2016
2016-02-27,32,"15~62","”≈",21.2,31,8.9,0.588,35.9,77,34,2016
2016-02-28,55,"22~98","¡º",32.3,50.6,7.8,0.804,35,82,121,2016
2016-02-29,45,"16~97","”≈",31.9,41.6,11.4,0.675,40.1,66,103,2016
2014-03-01,57,"23~127","¡º",38.4,57.2,23.4,0.827,48.1,79,63,2014
2014-03-02,177,"137~257","÷–∂»Œ€»æ",134.7,165,60.5,2.578,93.5,47,162,2014
2014-03-03,268,"213~316","÷ÿ∂»Œ€»æ",217.5,247.9,96,4.179,102.2,8,184,2014
2014-03-04,86,"17~288","¡º",56.9,77.6,27.5,1.261,39.6,82,55,2014
2014-03-05,39,"24~61","”≈",19.6,34.8,16,0.777,34.9,77,26,2014
2014-03-06,36,"24~71","”≈",15.8,27.9,14.2,0.604,29.2,82,22,2014
2014-03-07,68,"23~94","¡º",48.1,72.4,25.7,1.057,52.8,75,91,2014
2014-03-08,172,"94~224","÷–∂»Œ€»æ",130.7,165.5,67.9,2.265,91.6,49,166,2014
2014-03-09,126,"37~189","«·∂»Œ€»æ",94.5,118,45,1.583,68.2,89,130,2014
2014-03-10,109,"46~193","«·∂»Œ€»æ",81,100.9,53.4,1.679,72.2,57,99,2014
2014-03-11,205,"51~261","÷ÿ∂»Œ€»æ",154.8,195.7,76,2.362,80.4,87,159,2014
2014-03-12,37,"31~52","”≈",10.6,22.7,9,0.41,25.7,85,13,2014
2014-03-13,56,"20~215","¡º",19.6,75,14.3,0.613,36.7,90,49,2014
2014-03-14,62,"28~144","¡º",20.6,78.8,13.3,0.513,31.2,93,44,2014
2014-03-15,129,"89~219","«·∂»Œ€»æ",94,172.7,43,1.465,89.1,86,132,2014
2014-03-16,152,"98~222","÷–∂»Œ€»æ",113,198.3,76.5,2.113,72.2,117,148,2014
2014-03-17,182,"61~500","÷–∂»Œ€»æ",82.9,240.7,26.9,1.217,49.7,81,139,2014
2014-03-18,88,"50~160","¡º",37.2,123.8,17,0.623,36.2,101,59,2014
2014-03-19,75,"53~93","¡º",46.1,93,16.9,0.778,45.8,85,58,2014
2014-03-20,38,"29~55","”≈",10.3,27,5.2,0.375,22.5,92,13,2014
2014-03-21,55,"25~91","¡º",24.8,64,11,0.625,43.4,102,45,2014
2014-03-22,83,"37~162","¡º",46.8,114.6,16.3,0.838,53.4,109,82,2014
2014-03-23,176,"117~268","÷–∂»Œ€»æ",134.1,182.7,43.6,1.552,68.9,167,168,2014
2014-03-24,270,"218~299","÷ÿ∂»Œ€»æ",220.1,249.2,52.9,1.99,93.3,144,188,2014
2014-03-25,250,"214~294","÷ÿ∂»Œ€»æ",199.7,236.6,42.8,1.626,92.2,186,182,2014
2014-03-26,319,"243~408","—œ÷ÿŒ€»æ",268.9,318.3,42.9,1.968,110.5,181,184,2014
2014-03-27,294,"134~414","÷ÿ∂»Œ€»æ",249.3,300.3,33.7,2.373,106.7,31,177,2014
2014-03-28,169,"82~218","÷–∂»Œ€»æ",127.5,170.8,24.6,1.683,66,104,162,2014
2014-03-29,72,"41~204","¡º",39.1,76,7,0.588,36.6,99,64,2014
2014-03-30,64,"30~97","¡º",31.4,77.6,8,0.552,57.7,100,48,2014
2014-03-31,172,"55~296","÷–∂»Œ€»æ",132.9,183.2,34.5,1.759,80.5,109,159,2014
2015-03-01,74,"30~166","¡º",44.6,90.5,11.5,0.892,39.3,84,201,2015
2015-03-02,86,"37~143","¡º",53.3,82.4,17.3,1.357,44.5,84,222,2015
2015-03-03,49,"36~80","”≈",7.6,48.2,2.2,0.288,10.4,82,100,2015
2015-03-04,42,"20~96","”≈",24.5,41.2,12,0.636,31,81,94,2015
2015-03-05,144,"88~265","«·∂»Œ€»æ",110,129.3,46.5,1.554,59,80,353,2015
2015-03-06,246,"206~327","÷ÿ∂»Œ€»æ",195,217.3,59.3,2.15,82.1,82,361,2015
2015-03-07,282,"219~331","÷ÿ∂»Œ€»æ",231.4,246.3,41.1,2.396,82.7,112,366,2015
2015-03-08,171,"28~292","÷–∂»Œ€»æ",128.6,148,21.8,1.435,52.7,86,239,2015
2015-03-09,40,"35~69","”≈",7.3,27.9,2.8,0.313,14.4,83,58,2015
2015-03-10,48,"25~105","”≈",30,45,12.7,0.752,38.9,93,95,2015
2015-03-11,56,"23~100","¡º",36.6,51.9,13.3,0.959,46.1,83,129,2015
2015-03-12,84,"54~125","¡º",61.1,78.6,20.7,1.162,59.8,75,193,2015
2015-03-13,89,"29~154","¡º",63.7,81.6,20.9,1.308,59.6,93,175,2015
2015-03-14,129,"80~200","«·∂»Œ€»æ",96.7,119.2,39.6,1.875,83.3,50,261,2015
2015-03-15,148,"100~206","«·∂»Œ€»æ",102.9,198.2,26.2,1.717,72.7,109,288,2015
2015-03-16,255,"163~366","÷ÿ∂»Œ€»æ",207.4,294.8,32.8,2.017,85,50,344,2015
2015-03-17,227,"73~363","÷ÿ∂»Œ€»æ",182.7,222,16,1.704,57.4,117,340,2015
2015-03-18,72,"54~121","¡º",47.3,88.5,12.1,0.77,49.8,92,199,2015
2015-03-19,135,"97~194","«·∂»Œ€»æ",80.7,203.3,10.7,1.087,69.5,87,316,2015
2015-03-20,126,"108~179","«·∂»Œ€»æ",43.5,199,5.8,0.558,45.8,107,294,2015
2015-03-21,78,"49~176","¡º",18.7,103.4,3.8,0.346,27.6,89,147,2015
2015-03-22,78,"37~152","¡º",20,104,3.8,0.35,20.8,91,156,2015
2015-03-23,67,"27~96","¡º",34.2,84,6.8,0.688,43.4,103,168,2015
2015-03-24,106,"73~186","«·∂»Œ€»æ",76.5,122.4,28.9,1.826,67.8,101,285,2015
2015-03-25,163,"119~209","÷–∂»Œ€»æ",122.6,158.3,40.8,1.829,78.8,127,356,2015
2015-03-26,140,"90~206","«·∂»Œ€»æ",105.4,154.7,21.3,1.038,56,154,337,2015
2015-03-27,140,"89~202","«·∂»Œ€»æ",105.2,146.2,30,1.009,54.6,153,320,2015
2015-03-28,188,"58~500","÷–∂»Œ€»æ",63.6,276.6,8.1,0.529,33.1,100,269,2015
2015-03-29,203,"58~432","÷ÿ∂»Œ€»æ",74.8,282.3,17.5,1.057,66.8,127,254,2015
2015-03-30,220,"184~283","÷ÿ∂»Œ€»æ",148.2,337.7,29.2,1.404,62.6,157,353,2015
2015-03-31,200,"97~229","÷–∂»Œ€»æ",151.8,191.2,21,2.329,53.8,98,345,2015
2016-03-01,152,"99~234","÷–∂»Œ€»æ",115.8,127.1,30,1.875,82.7,61,341,2016
2016-03-02,209,"130~254","÷ÿ∂»Œ€»æ",162,182,31.6,2.546,108.6,94,348,2016
2016-03-03,322,"209~417","—œ÷ÿŒ€»æ",273.1,282.2,45.9,3.467,118.7,70,359,2016
2016-03-04,374,"181~418","—œ÷ÿŒ€»æ",325.5,280.7,48.2,4.442,117.3,45,349,2016
2016-03-05,206,"104~500","÷ÿ∂»Œ€»æ",60.6,306.3,3.1,0.388,21.7,82,265,2016
2016-03-06,114,"61~177","«·∂»Œ€»æ",70.5,177.6,26.3,1.492,67.9,39,192,2016
2016-03-07,69,"29~150","¡º",36.6,91.4,11,0.938,32.1,88,115,2016
2016-03-08,26,"20~38","”≈",10.1,24,2.9,0.358,15.3,81,35,2016
2016-03-09,26,"15~48","”≈",10.1,22.5,3.7,0.363,16.6,77,60,2016
2016-03-10,44,"21~70","”≈",10.7,47.6,3.7,0.365,16.8,79,165,2016
2016-03-11,46,"22~75","”≈",21.8,49.5,7.4,0.579,34.1,80,103,2016
2016-03-12,141,"79~210","«·∂»Œ€»æ",106.5,134,39.1,1.775,80.1,52,323,2016
2016-03-13,52,"26~204","¡º",32.6,48.2,9.8,0.679,34.3,97,96,2016
2016-03-14,102,"56~135","«·∂»Œ€»æ",76,114,20.3,1.291,63.7,100,243,2016
2016-03-15,178,"124~251","÷–∂»Œ€»æ",137.3,189.9,46.9,1.57,77,65,330,2016
2016-03-16,296,"248~368","÷ÿ∂»Œ€»æ",245.7,275.3,38.3,2.226,89.4,158,359,2016
2016-03-17,335,"298~393","—œ÷ÿŒ€»æ",285.3,288.4,31.3,2.246,100.8,140,356,2016
2016-03-18,228,"29~406","÷ÿ∂»Œ€»æ",191.8,131.2,13.3,1.525,69.6,126,246,2016
2016-03-19,92,"29~200","¡º",63.8,111,17,1.021,43,81,180,2016
2016-03-20,87,"52~129","¡º",63.8,103,10,0.996,60.9,99,186,2016
2016-03-21,160,"135~203","÷–∂»Œ€»æ",121.4,177.4,20.3,1.246,79.8,136,343,2016
2016-03-22,156,"109~221","÷–∂»Œ€»æ",108,205,25.9,1.408,75.5,60,339,2016
2016-03-23,38,"18~112","”≈",18.4,41.4,4,0.5,27.2,92,86,2016
2016-03-24,28,"15~55","”≈",12.5,24,3.2,0.421,30.5,92,42,2016
2016-03-25,35,"18~63","”≈",16.3,33.1,4.1,0.45,35.6,99,44,2016
2016-03-26,31,"16~56","”≈",12.5,30.3,4,0.392,27.8,96,22,2016
2016-03-27,40,"22~78","”≈",15.3,41.5,4.1,0.367,35,112,51,2016
2016-03-28,143,"79~478","«·∂»Œ€»æ",73,192.5,16.3,0.817,68.3,88,301,2016
2016-03-29,59,"21~103","¡º",18.4,72,5,0.383,30.9,103,111,2016
2016-03-30,56,"21~105","¡º",27.6,71,8.4,0.554,40.3,110,114,2016
2016-03-31,197,"105~291","÷–∂»Œ€»æ",149.9,236,32.8,1.442,74.6,147,344,2016
2014-04-01,138,"74~234","«·∂»Œ€»æ",104.4,117.5,17.1,0.927,60.3,142,152,2014
2014-04-02,132,"90~176","«·∂»Œ€»æ",99.3,158.5,20.7,0.996,57.6,152,164,2014
2014-04-03,64,"19~106","¡º",22.7,79.5,5.7,0.455,36.1,100,72,2014
2014-04-04,92,"63~112","¡º",31.7,131.5,8.4,0.575,39.6,109,120,2014
2014-04-05,65,"33~104","¡º",21.8,80.3,5.9,0.383,29,107,60,2014
2014-04-06,97,"60~122","¡º",52.7,142.8,12.3,0.664,58.2,124,136,2014
2014-04-07,133,"96~210","«·∂»Œ€»æ",97.3,175.7,19.9,0.804,62.2,181,169,2014
2014-04-08,224,"207~260","÷ÿ∂»Œ€»æ",173.5,237.3,37.7,1.471,82.2,212,184,2014
2014-04-09,194,"99~294","÷–∂»Œ€»æ",121.3,238.8,19.2,0.917,50.3,114,171,2014
2014-04-10,278,"139~473","÷ÿ∂»Œ€»æ",86.5,385.5,27.3,1.275,51.7,77,183,2014
2014-04-11,89,"60~157","¡º",59.6,112.5,16.7,0.973,60.3,107,101,2014
2014-04-12,131,"110~150","«·∂»Œ€»æ",99.6,135.6,24.8,1.441,75.4,149,156,2014
2014-04-13,204,"145~249","÷ÿ∂»Œ€»æ",157.4,190.4,25.4,1.295,71.4,227,176,2014
2014-04-14,279,"185~328","÷ÿ∂»Œ€»æ",228.9,262.7,32.7,1.896,78.8,224,188,2014
2014-04-15,132,"75~185","«·∂»Œ€»æ",91.4,142,16.1,0.965,61.3,118,147,2014
2014-04-16,83,"69~102","¡º",51,113.4,11.7,0.735,68.1,93,122,2014
2014-04-17,122,"107~161","«·∂»Œ€»æ",91.4,124.5,18.5,1.392,70.5,118,147,2014
2014-04-18,182,"91~231","÷–∂»Œ€»æ",138.1,124.1,16.6,1.541,64.5,140,175,2014
2014-04-19,83,"62~99","¡º",61.4,83.5,14.7,0.783,64.5,90,149,2014
2014-04-20,83,"25~123","¡º",59.9,79.6,7.4,0.642,53.8,117,107,2014
2014-04-21,69,"37~96","¡º",48.3,79.3,7.1,0.574,55.7,119,88,2014
2014-04-22,80,"59~110","¡º",57.9,101.4,9.1,0.579,54.2,163,109,2014
2014-04-23,153,"82~232","÷–∂»Œ€»æ",115.6,147,20.7,0.909,41.3,169,153,2014
2014-04-24,153,"90~203","÷–∂»Œ€»æ",115.4,133.5,18.7,0.935,46.9,162,171,2014
2014-04-25,175,"85~228","÷–∂»Œ€»æ",129.4,189.7,20.3,1.022,68.7,206,178,2014
2014-04-26,66,"30~95","¡º",37.4,82.2,4,0.364,27.6,94,94,2014
2014-04-27,76,"50~129","¡º",51,93,6.4,0.632,47.7,143,113,2014
2014-04-28,84,"57~133","¡º",61.4,97.9,8,0.721,49.1,159,122,2014
2014-04-29,119,"95~141","«·∂»Œ€»æ",89.3,143.3,17.1,0.943,67.8,197,161,2014
2014-04-30,139,"119~192","«·∂»Œ€»æ",102.7,158.2,19.1,0.965,67,217,165,2014
2015-04-01,82,"44~116","¡º",58.6,78.2,4.5,0.724,48.8,83,240,2015
2015-04-02,55,"40~74","¡º",35.1,18.6,3.6,0.704,25.8,103,171,2015
2015-04-03,50,"34~91","¡º",28.2,40.3,3.6,0.583,26.9,123,117,2015
2015-04-04,85,"49~137","¡º",62.3,74.9,4.7,0.65,36.1,146,238,2015
2015-04-05,92,"39~165","¡º",53,98.5,2.9,0.479,29.5,94,222,2015
2015-04-06,41,"34~60","”≈",20.5,32.4,2.2,0.292,13.5,80,98,2015
2015-04-07,44,"26~81","”≈",23,39.4,3.6,0.35,22.7,94,127,2015
2015-04-08,127,"86~189","«·∂»Œ€»æ",95.6,122.7,12.4,0.852,48.8,112,347,2015
2015-04-09,210,"174~267","÷ÿ∂»Œ€»æ",161.7,189.9,16.6,1.191,58.9,135,365,2015
2015-04-10,192,"85~264","÷–∂»Œ€»æ",150.1,185.5,9,1.071,61.9,156,344,2015
2015-04-11,183,"48~265","÷–∂»Œ€»æ",141.4,76.5,16.3,1.764,46.4,150,337,2015
2015-04-12,40,"31~59","”≈",11.9,26.1,2,0.259,12,88,40,2015
2015-04-13,53,"43~75","¡º",26.4,38.8,2.8,0.381,22.3,131,100,2015
2015-04-14,76,"60~89","¡º",54.1,83.8,5.3,0.711,54.4,137,194,2015
2015-04-15,215,"86~500","÷ÿ∂»Œ€»æ",108.7,286,14.1,0.946,70,120,311,2015
2015-04-16,106,"42~440","«·∂»Œ€»æ",25.7,132,3,0.23,13.4,100,125,2015
2015-04-17,114,"92~154","«·∂»Œ€»æ",67.3,173.1,16,0.674,54.8,120,256,2015
2015-04-18,181,"138~238","÷–∂»Œ€»æ",137.7,272.5,26.9,1.5,88.7,116,351,2015
2015-04-19,94,"65~148","¡º",59.8,132.5,5.6,0.608,29.9,107,279,2015
2015-04-20,93,"52~149","¡º",66.6,112.4,6.7,0.782,43.2,133,291,2015
2015-04-21,101,"46~179","«·∂»Œ€»æ",62.7,129.1,8,0.641,43.8,116,276,2015
2015-04-22,77,"55~93","¡º",43.2,100.2,8.2,0.614,48.8,154,232,2015
2015-04-23,84,"57~122","¡º",54.2,107.7,10.6,0.621,49.1,115,212,2015
2015-04-24,104,"83~120","«·∂»Œ€»æ",51.9,155.2,7.3,0.638,47.4,150,289,2015
2015-04-25,109,"85~127","«·∂»Œ€»æ",71.6,158.2,12.4,0.833,64,187,277,2015
2015-04-26,145,"111~202","«·∂»Œ€»æ",98.3,181.8,19.8,0.986,52.8,252,335,2015
2015-04-27,116,"60~157","«·∂»Œ€»æ",81.2,133.8,12.2,0.888,45.9,214,289,2015
2015-04-28,64,"43~99","¡º",43.5,68,5.1,0.705,38.8,154,137,2015
2015-04-29,152,"117~191","÷–∂»Œ€»æ",115,135.6,10.8,1.324,48,217,341,2015
2015-04-30,160,"113~214","÷–∂»Œ€»æ",114.2,146.1,11.3,1.073,43.4,226,341,2015
2016-04-01,102,"22~414","«·∂»Œ€»æ",39.4,139.4,6.1,0.438,27,90,169,2016
2016-04-02,29,"19~52","”≈",8.4,27.8,3,0.258,16.5,91,27,2016
2016-04-03,47,"23~72","”≈",18.2,50.7,3,0.296,24.9,99,140,2016
2016-04-04,99,"69~147","¡º",72.3,110.9,11.5,0.6,48.7,140,318,2016
2016-04-05,151,"65~220","÷–∂»Œ€»æ",115,153.2,18.3,0.979,52,168,339,2016
2016-04-06,175,"63~282","÷–∂»Œ€»æ",137.5,170.3,30.7,1.963,68.7,115,322,2016
2016-04-07,134,"26~282","«·∂»Œ€»æ",89.6,139.2,4.7,1.092,46.6,96,239,2016
2016-04-08,63,"24~127","¡º",22.2,83.4,4.4,0.363,30.3,104,157,2016
2016-04-09,165,"84~403","÷–∂»Œ€»æ",74.7,242.5,11,0.717,55.6,100,316,2016
2016-04-10,122,"100~157","«·∂»Œ€»æ",52.5,193.4,13.5,0.779,42.4,108,320,2016
2016-04-11,75,"63~93","¡º",40.3,100.2,9.1,0.583,40.6,96,227,2016
2016-04-12,103,"78~127","«·∂»Œ€»æ",77,77.5,6,0.754,57.4,91,297,2016
2016-04-13,165,"54~306","÷–∂»Œ€»æ",123,151.4,6.7,0.992,66.1,128,288,2016
2016-04-14,72,"29~137","¡º",31.6,96.4,3.1,0.333,26.5,118,171,2016
2016-04-15,82,"51~124","¡º",57.3,99.3,16.1,1.02,59.8,120,224,2016
2016-04-16,62,"26~193","¡º",33.9,79.2,2.3,0.342,20.4,81,167,2016
2016-04-17,35,"26~51","”≈",15.8,32.9,2.2,0.293,15.9,95,68,2016
2016-04-18,36,"21~59","”≈",18.3,33.7,2.4,0.3,22.7,107,72,2016
2016-04-19,98,"61~127","¡º",72,101,19.5,1.3,65.4,50,315,2016
2016-04-20,91,"48~123","¡º",67.6,87.3,8.5,0.861,42.2,131,301,2016
2016-04-21,145,"83~253","«·∂»Œ€»æ",99.6,160.4,7.2,0.991,60.7,139,318,2016
2016-04-22,78,"48~113","¡º",34.6,106,2,0.242,21.3,111,221,2016
2016-04-23,49,"29~82","”≈",21.8,54.9,3.2,0.325,29.9,109,150,2016
2016-04-24,116,"72~193","«·∂»Œ€»æ",84.4,147.8,22.1,0.896,53.7,185,306,2016
2016-04-25,120,"82~186","«·∂»Œ€»æ",88.6,141.9,13.9,0.725,33.8,187,323,2016
2016-04-26,102,"88~124","«·∂»Œ€»æ",76.2,126.2,25.6,1.375,43.5,155,323,2016
2016-04-27,118,"100~162","«·∂»Œ€»æ",89.4,107.1,9.8,1.086,61.5,104,339,2016
2016-04-28,113,"64~156","«·∂»Œ€»æ",83.6,90.6,7,0.996,50.6,208,318,2016
2016-04-29,156,"54~265","÷–∂»Œ€»æ",119.7,150,16.7,1.313,62.3,227,268,2016
2016-04-30,207,"124~275","÷ÿ∂»Œ€»æ",161.7,179,9.5,1.454,62.5,268,362,2016
2014-05-01,167,"55~221","÷–∂»Œ€»æ",121,186.3,18.6,0.857,41,199,159,2014
2014-05-02,49,"34~86","”≈",22.5,46,2.9,0.29,21.1,100,32,2014
2014-05-03,94,"53~294","¡º",37.7,127.3,6,0.405,43.3,97,99,2014
2014-05-04,55,"40~85","¡º",25.8,59.4,3.4,0.342,17.2,91,59,2014
2014-05-05,50,"25~69","¡º",23,52.9,3.6,0.429,36,105,55,2014
2014-05-06,100,"67~146","¡º",73.8,124.4,26.9,0.922,61.5,131,136,2014
2014-05-07,96,"49~161","¡º",62.8,102.2,11.8,0.917,45,109,100,2014
2014-05-08,103,"83~134","«·∂»Œ€»æ",74.5,107.5,15.5,1.008,46.1,174,125,2014
2014-05-09,88,"70~105","¡º",61.2,106.1,32.6,1.295,52,120,120,2014
2014-05-10,72,"61~84","¡º",50.3,87.1,27.2,1.179,50.1,108,136,2014
2014-05-11,45,"31~64","”≈",24,20.1,3.3,0.826,29.4,102,68,2014
2014-05-12,61,"39~106","¡º",34.4,68.4,6.8,0.652,43.9,146,68,2014
2014-05-13,89,"68~135","¡º",51.6,123.6,9.9,0.655,57,127,109,2014
2014-05-14,55,"34~104","¡º",17.3,62.8,7.3,0.3,26,93,56,2014
2014-05-15,116,"60~208","«·∂»Œ€»æ",59.4,181,7.3,0.557,60.6,126,137,2014
2014-05-16,90,"36~144","¡º",44.8,121.2,9.5,0.568,48.6,133,97,2014
2014-05-17,99,"73~123","¡º",56.3,120.3,24.6,0.971,59.8,215,120,2014
2014-05-18,110,"63~202","«·∂»Œ€»æ",77,141.7,23.4,0.927,55.9,258,136,2014
2014-05-19,142,"90~205","«·∂»Œ€»æ",106,158.5,14.5,0.986,44.5,246,156,2014
2014-05-20,121,"40~244","«·∂»Œ€»æ",78.9,129.8,9.2,0.892,45.9,170,107,2014
2014-05-21,142,"107~197","«·∂»Œ€»æ",107.2,168.3,25.3,1.459,52.7,267,145,2014
2014-05-22,190,"93~334","÷–∂»Œ€»æ",136.2,195.8,36.7,1.419,61.4,261,166,2014
2014-05-23,127,"97~155","«·∂»Œ€»æ",80.8,155.9,19.6,0.816,55.2,203,166,2014
2014-05-24,102,"87~126","«·∂»Œ€»æ",75.7,80,6,1.004,45.9,101,165,2014
2014-05-25,121,"45~355","«·∂»Œ€»æ",65.5,114.5,2.1,0.673,29,101,112,2014
2014-05-26,66,"53~79","¡º",21.8,76.7,4.6,0.45,54.7,148,58,2014
2014-05-27,103,"44~276","«·∂»Œ€»æ",34.8,144.6,4,0.384,42.2,114,76,2014
2014-05-28,78,"54~116","¡º",29.9,87,8.3,0.619,54.8,210,79,2014
2014-05-29,96,"80~120","¡º",42.3,115.1,10.3,0.681,60.2,196,90,2014
2014-05-30,145,"88~206","«·∂»Œ€»æ",84,171.3,36.9,1.556,53.2,343,134,2014
2014-05-31,161,"105~237","÷–∂»Œ€»æ",114.1,215.4,45.2,2.131,57.8,303,159,2014
2015-05-01,163,"42~246","÷–∂»Œ€»æ",125.4,140.5,12.9,1.061,45.1,122,264,2015
2015-05-02,67,"49~89","¡º",45.3,68,2.5,0.552,29.7,162,230,2015
2015-05-03,84,"44~185","¡º",40.3,93.8,2,0.423,23.6,107,193,2015
2015-05-04,57,"35~97","¡º",22.7,64.8,4.5,0.3,20.3,131,144,2015
2015-05-05,75,"45~103","¡º",43.4,93.7,7.5,0.487,36.9,115,203,2015
2015-05-06,60,"38~93","¡º",19,70.1,3.3,0.317,23.7,112,117,2015
2015-05-07,91,"74~101","¡º",41.5,128.8,6.2,0.55,36.6,140,239,2015
2015-05-08,89,"59~124","¡º",52.3,115.2,11.2,1.023,36.8,129,276,2015
2015-05-09,57,"35~120","¡º",39.2,52,7,1.036,32.6,65,152,2015
2015-05-10,50,"39~72","¡º",34.3,34.9,4.4,1.322,45.5,45,112,2015
2015-05-11,43,"30~54","”≈",24.3,19.7,2.2,0.835,30.2,94,109,2015
2015-05-12,48,"32~93","”≈",19.5,44.3,2.2,0.514,40.9,109,103,2015
2015-05-13,95,"60~242","¡º",56.6,133.2,4,0.768,65.7,200,267,2015
2015-05-14,57,"38~148","¡º",19.5,61.7,4.6,0.348,29.4,118,118,2015
2015-05-15,48,"32~76","”≈",22.7,47.3,2.7,0.382,25.5,132,118,2015
2015-05-16,78,"44~118","¡º",46.4,95.9,8,0.668,42.9,198,219,2015
2015-05-17,168,"100~221","÷–∂»Œ€»æ",126.4,182.2,15.2,1.162,42.8,192,345,2015
2015-05-18,97,"51~203","¡º",55.3,92.8,3.3,0.55,32.5,112,225,2015
2015-05-19,51,"37~85","¡º",11.3,49.1,2,0.274,16.1,96,117,2015
2015-05-20,46,"33~65","”≈",15.9,37.2,2.5,0.325,22,124,106,2015
2015-05-21,71,"53~100","¡º",33.3,83.8,5.9,0.517,42.8,168,232,2015
2015-05-22,104,"62~139","«·∂»Œ€»æ",52,89.5,11.5,0.747,41.2,225,297,2015
2015-05-23,143,"100~180","«·∂»Œ€»æ",94.6,139.2,15.9,0.991,53.1,265,337,2015
2015-05-24,170,"130~229","÷–∂»Œ€»æ",114.9,164.4,16,1.209,56.1,266,352,2015
2015-05-25,156,"106~204","÷–∂»Œ€»æ",101,165.6,23.8,1.152,46.8,311,332,2015
2015-05-26,144,"106~192","«·∂»Œ€»æ",87.2,148.7,18.7,0.93,38.1,293,322,2015
2015-05-27,135,"104~163","«·∂»Œ€»æ",91.8,141,11.3,0.855,33.3,229,310,2015
2015-05-28,158,"114~198","÷–∂»Œ€»æ",116,151.2,23.2,1.157,36.1,215,337,2015
2015-05-29,95,"65~116","¡º",61.4,93.9,5.4,0.817,42.2,169,306,2015
2015-05-30,95,"54~138","¡º",54.2,90.3,6.3,0.755,39.4,229,303,2015
2015-05-31,103,"67~154","«·∂»Œ€»æ",55,101.8,14.7,0.876,43.8,241,290,2015
2016-05-01,240,"102~292","÷ÿ∂»Œ€»æ",191.6,176.9,24.3,2.258,42.5,283,355,2016
2016-05-02,80,"52~174","¡º",50.5,100.5,2.5,0.525,20.1,103,258,2016
2016-05-03,56,"29~81","¡º",23.8,65.2,2.2,0.442,27.8,107,175,2016
2016-05-04,53,"38~72","¡º",28.5,57.8,3.8,0.538,49.5,141,115,2016
2016-05-05,92,"40~500","¡º",53.2,112.1,14.4,0.938,45.7,141,212,2016
2016-05-06,126,"28~500","«·∂»Œ€»æ",64.7,196.4,2,0.225,13.3,97,146,2016
2016-05-07,45,"30~73","”≈",21.8,45,2.8,0.275,26.7,140,131,2016
2016-05-08,87,"61~129","¡º",60.9,108.1,15.6,0.746,45.5,171,308,2016
2016-05-09,56,"35~74","¡º",35.6,62.6,4.4,0.533,37.3,92,176,2016
2016-05-10,60,"39~99","¡º",40.6,66.4,3.6,0.55,36.9,172,197,2016
2016-05-11,191,"110~234","÷–∂»Œ€»æ",146.3,173.3,12.6,1.092,35.8,188,350,2016
2016-05-12,62,"17~244","¡º",38.6,37.3,2.6,0.525,27,91,97,2016
2016-05-13,55,"40~64","¡º",32.3,60.8,5.7,0.6,43.4,146,151,2016
2016-05-14,58,"32~89","¡º",39.1,32.5,2.7,0.539,35.7,96,184,2016
2016-05-15,56,"22~94","¡º",35.6,23.9,2.3,0.524,35.8,93,194,2016
2016-05-16,53,"37~67","¡º",24,55.5,3.2,0.5,44.7,135,143,2016
2016-05-17,89,"63~130","¡º",56.2,103.4,11,0.609,51,259,280,2016
2016-05-18,90,"72~109","¡º",59.3,98.3,9,0.538,35,204,281,2016
2016-05-19,125,"99~153","«·∂»Œ€»æ",85.8,112,14.9,0.758,38.5,255,343,2016
2016-05-20,124,"72~150","«·∂»Œ€»æ",88.5,111.6,20.5,1.071,48.7,266,339,2016
2016-05-21,103,"63~130","«·∂»Œ€»æ",69.3,87.3,18.1,0.863,45.7,260,330,2016
2016-05-22,81,"62~116","¡º",47.8,83.3,7.7,0.675,52.6,232,312,2016
2016-05-23,89,"20~129","¡º",65.4,93.8,15.5,0.991,48.5,176,287,2016
2016-05-24,44,"26~68","”≈",17.5,40.8,3.1,0.319,22.9,137,117,2016
2016-05-25,34,"24~54","”≈",11.8,28.2,3.1,0.325,22.7,128,80,2016
2016-05-26,53,"32~97","¡º",22.3,58.1,2.2,0.333,31,119,182,2016
2016-05-27,79,"55~117","¡º",48,106,12.5,0.636,50,198,287,2016
2016-05-28,81,"59~107","¡º",47.1,84.7,9.7,0.642,38.3,214,305,2016
2016-05-29,62,"27~109","¡º",33,68.9,4.6,0.467,29.7,178,211,2016
2016-05-30,116,"76~165","«·∂»Œ€»æ",80.8,145.7,15.8,1.075,51,317,323,2016
2016-05-31,88,"68~128","¡º",49.4,112.6,11,0.863,36.3,136,283,2016
2014-06-01,94,"71~165","¡º",44.5,55.3,2.3,0.64,25.7,179,131,2014
2014-06-02,63,"37~95","¡º",26.4,42.7,2.4,0.45,25.5,163,96,2014
2014-06-03,73,"45~119","¡º",32.7,61.2,13.4,0.571,40.6,194,106,2014
2014-06-04,98,"70~124","¡º",52.9,89.4,8.9,0.844,45,217,148,2014
2014-06-05,100,"65~144","¡º",58.5,93.4,11.2,0.831,41.4,253,131,2014
2014-06-06,76,"29~141","¡º",48.6,70.8,11.7,1.087,39.3,85,76,2014
2014-06-07,38,"18~60","”≈",9.3,25.9,2.1,0.341,27,102,32,2014
2014-06-08,57,"36~69","¡º",26.6,58,7.4,0.695,54.4,169,50,2014
2014-06-09,58,"35~83","¡º",27.1,52.9,6.3,0.595,43,160,72,2014
2014-06-10,91,"61~116","¡º",66.6,84.8,6.4,1.175,42.5,154,138,2014
2014-06-11,71,"29~122","¡º",39.9,40.7,2.9,0.725,31.9,133,85,2014
2014-06-12,63,"43~87","¡º",24.4,56.1,5.5,0.51,38.8,146,53,2014
2014-06-13,95,"49~119","¡º",48.4,84,8.1,0.852,41.1,224,105,2014
2014-06-14,85,"30~160","¡º",38.4,67.9,3.2,0.642,38.2,252,71,2014
2014-06-15,151,"115~179","÷–∂»Œ€»æ",101.3,144.9,14.5,1.171,49.3,280,156,2014
2014-06-16,166,"121~205","÷–∂»Œ€»æ",125.6,149.2,3.4,1.016,40.5,226,163,2014
2014-06-17,126,"57~257","«·∂»Œ€»æ",87.7,106.6,3.4,0.91,34.7,184,138,2014
2014-06-18,87,"42~149","¡º",60.9,72,3.9,0.738,36,222,123,2014
2014-06-19,159,"122~233","÷–∂»Œ€»æ",120.7,132,5.3,1.16,44.5,175,175,2014
2014-06-20,71,"33~126","¡º",43.6,37.9,2.4,0.8,27.4,156,125,2014
2014-06-21,100,"72~119","«·∂»Œ€»æ",65.3,63,4.6,0.962,33.7,177,172,2014
2014-06-22,60,"28~91","¡º",28.9,41,2.1,0.577,30.7,163,92,2014
2014-06-23,63,"24~112","¡º",23.3,43.8,2,0.475,37.6,194,85,2014
2014-06-24,97,"64~159","¡º",49.1,86.8,5.7,0.744,51.9,233,129,2014
2014-06-25,137,"91~189","«·∂»Œ€»æ",102.2,125,10,1.195,48,145,176,2014
2014-06-26,176,"96~228","÷–∂»Œ€»æ",126.9,50.7,3.8,1.081,33,242,181,2014
2014-06-27,47,"22~86","”≈",18.6,40.5,2.8,0.432,33.9,117,63,2014
2014-06-28,50,"34~68","”≈",19.4,45.3,5.4,0.444,41.6,133,57,2014
2014-06-29,85,"48~155","¡º",41.6,84.1,10.7,1.006,51.9,240,112,2014
2014-06-30,122,"92~180","«·∂»Œ€»æ",72.7,120.4,15.4,1.163,52.6,302,157,2014
2015-06-01,128,"99~164","«·∂»Œ€»æ",87.6,166,14.1,1,46.4,263,316,2015
2015-06-02,64,"38~150","¡º",29.9,62.7,4.5,0.543,25.7,105,187,2015
2015-06-03,80,"56~163","¡º",32.2,100.8,6.2,0.517,35.8,147,294,2015
2015-06-04,81,"64~92","¡º",50.5,89.5,6.6,3.426,54.6,84,301,2015
2015-06-05,72,"60~81","¡º",48.5,51.9,5.2,6.825,45,117,278,2015
2015-06-06,69,"42~90","¡º",25,61.5,3,5.02,31.7,176,184,2015
2015-06-07,43,"29~57","”≈",13.8,32.1,3.6,2.609,30,91,103,2015
2015-06-08,43,"25~71","”≈",18.2,34.8,3.7,0.45,35.2,121,115,2015
2015-06-09,82,"51~135","¡º",48.6,86.5,14.9,1.09,49.2,239,237,2015
2015-06-10,103,"74~165","«·∂»Œ€»æ",75.2,73.6,4,1.133,33.6,132,299,2015
2015-06-11,43,"23~89","”≈",20.1,25.2,2.5,0.565,21.4,95,101,2015
2015-06-12,36,"19~53","”≈",7.8,22.2,3.2,0.409,21.8,96,49,2015
2015-06-13,47,"34~66","”≈",11.2,26.9,3,0.455,18.2,128,119,2015
2015-06-14,57,"23~100","¡º",19.1,37,3.3,0.504,29,170,154,2015
2015-06-15,131,"89~167","«·∂»Œ€»æ",84.9,120.8,15.1,1.245,39.5,254,335,2015
2015-06-16,160,"115~200","÷–∂»Œ€»æ",104.3,143.6,11.9,1.153,50.2,280,352,2015
2015-06-17,80,"49~128","¡º",42,67.2,2.6,0.762,35.9,178,248,2015
2015-06-18,46,"23~71","”≈",19.1,32.1,2.2,0.483,27.7,107,122,2015
2015-06-19,36,"22~53","”≈",14.1,33.4,2.4,0.514,24.4,88,63,2015
2015-06-20,52,"27~104","¡º",22.6,39.3,2.3,0.619,37,172,138,2015
2015-06-21,94,"66~139","¡º",41,73.4,4.7,0.621,39.4,215,285,2015
2015-06-22,137,"99~171","«·∂»Œ€»æ",89.9,117.2,16.4,1.096,38.4,241,344,2015
2015-06-23,234,"154~317","÷ÿ∂»Œ€»æ",181.2,178,15,1.675,39,269,362,2015
2015-06-24,161,"128~222","÷–∂»Œ€»æ",121.4,123.2,9.3,1.125,43.1,152,359,2015
2015-06-25,165,"126~216","÷–∂»Œ€»æ",124.6,111.4,6.1,1.048,50.5,138,362,2015
2015-06-26,146,"111~172","«·∂»Œ€»æ",105.9,22.8,2,0.883,24,219,357,2015
2015-06-27,125,"46~207","«·∂»Œ€»æ",88.5,51.4,4,0.838,32.3,217,303,2015
2015-06-28,193,"132~244","÷–∂»Œ€»æ",147.7,57,7.9,1.221,34.1,230,359,2015
2015-06-29,154,"28~257","÷–∂»Œ€»æ",118,39.1,5,1.088,41.5,112,245,2015
2015-06-30,33,"14~53","”≈",14.6,20.2,2,0.386,26.8,112,79,2015
2016-06-01,63,"30~87","¡º",35.4,68.1,5.6,0.648,40.6,189,258,2016
2016-06-02,92,"60~120","¡º",54.1,86.7,8.7,0.753,51.8,239,327,2016
2016-06-03,110,"77~147","«·∂»Œ€»æ",80.8,124.7,20.8,1.183,62,242,345,2016
2016-06-04,122,"98~166","«·∂»Œ€»æ",86.7,122.6,16.1,0.871,37.2,258,357,2016
2016-06-05,102,"65~128","«·∂»Œ€»æ",72,103,13.9,0.861,37.7,251,338,2016
2016-06-06,116,"64~166","«·∂»Œ€»æ",85.8,107.5,7.8,0.888,33.9,274,330,2016
2016-06-07,81,"58~119","¡º",58.3,70.9,2.2,0.833,24.9,158,289,2016
2016-06-08,163,"113~242","÷–∂»Œ€»æ",125.3,99.5,2.3,1.217,35.4,251,358,2016
2016-06-09,158,"73~232","÷–∂»Œ€»æ",111.3,70.6,6.8,1.058,34.9,235,353,2016
2016-06-10,76,"24~139","¡º",53.4,41.1,2.3,0.658,20.2,239,252,2016
2016-06-11,33,"17~61","”≈",10.6,24.4,2.2,0.35,22,123,101,2016
2016-06-12,102,"0~137","«·∂»Œ€»æ",66.9,77.7,6.7,0.975,34.1,225,335,2016
2016-06-13,65,"50~97","¡º",46.8,30.8,2.5,0.625,29,119,257,2016
2016-06-14,53,"30~79","¡º",36.2,16.2,2.1,0.6,25.4,103,182,2016
2016-06-15,38,"19~60","”≈",18.8,30.9,2.1,0.492,29.3,167,132,2016
2016-06-16,55,"41~84","¡º",25.4,53.7,2.2,0.567,46.8,187,207,2016
2016-06-17,52,"31~80","¡º",23.9,56.4,2.3,0.55,45.8,124,163,2016
2016-06-18,76,"53~112","¡º",40.5,71.8,4.1,0.683,45.8,223,268,2016
2016-06-19,99,"62~172","¡º",60.9,90.8,4.7,0.746,39.1,253,336,2016
2016-06-20,127,"72~220","«·∂»Œ€»æ",89.8,111.3,5.4,1.025,28.3,254,352,2016
2016-06-21,120,"52~198","«·∂»Œ€»æ",88,97.8,2.3,0.908,30.6,261,344,2016
2016-06-22,80,"48~124","¡º",54.6,75,2.3,0.729,32.1,247,293,2016
2016-06-23,108,"53~170","«·∂»Œ€»æ",79.8,106.7,5.8,1.092,37.1,206,351,2016
2016-06-24,33,"18~56","”≈",14.9,30.1,2.2,0.629,30.6,97,135,2016
2016-06-25,35,"17~62","”≈",16.7,33.8,2.3,0.367,29,119,136,2016
2016-06-26,73,"55~120","¡º",40.6,75.7,5.2,0.521,42,240,278,2016
2016-06-27,82,"67~104","¡º",59.3,90,7,0.696,40.5,175,307,2016
2016-06-28,90,"0~147","¡º",67.1,28.9,2,0.644,30.6,92,294,2016
2016-06-29,146,"129~165","«·∂»Œ€»æ",111.6,24.5,2,0.879,33,203,362,2016
2016-06-30,95,"73~129","¡º",62.8,42.5,2.1,0.729,33.6,214,338,2016
2014-07-01,126,"84~191","«·∂»Œ€»æ",88.8,136.4,17.2,0.992,48.8,238,148,2014
2014-07-02,84,"50~136","¡º",55.2,57.2,2.9,0.876,27.7,132,133,2014
2014-07-03,239,"139~293","÷ÿ∂»Œ€»æ",189.6,103.3,4.7,1.305,40,195,187,2014
2014-07-04,239,"192~267","÷ÿ∂»Œ€»æ",187.8,128.3,4.1,1.272,39.8,232,188,2014
2014-07-05,167,"119~198","÷–∂»Œ€»æ",124.1,100.1,3.7,1.135,37.9,199,185,2014
2014-07-06,253,"221~274","÷ÿ∂»Œ€»æ",202.3,154.5,8,1.363,35.9,212,188,2014
2014-07-07,210,"126~274","÷ÿ∂»Œ€»æ",165.4,185.3,8.9,1.181,40.5,210,183,2014
2014-07-08,150,"38~268","÷–∂»Œ€»æ",105.7,123.2,8.7,0.87,40.3,117,133,2014
2014-07-09,60,"28~90","¡º",24.5,69.1,5.9,0.565,54.6,135,87,2014
2014-07-10,78,"43~114","¡º",27,79.7,7.8,0.514,40.4,201,112,2014
2014-07-11,62,"30~82","¡º",27.5,67.1,4.8,0.467,39.8,137,73,2014
2014-07-12,48,"22~80","”≈",12.1,34.8,2.2,0.314,30.6,145,67,2014
2014-07-13,49,"25~98","”≈",16.3,52.3,2.8,0.414,39.5,131,68,2014
2014-07-14,90,"39~155","¡º",26.2,64,4.5,0.527,43.2,259,117,2014
2014-07-15,113,"94~141","«·∂»Œ€»æ",50.2,106.4,6.9,0.591,27.6,220,173,2014
2014-07-16,120,"88~220","«·∂»Œ€»æ",86.5,110.9,4.1,0.8,41.7,207,173,2014
2014-07-17,174,"78~240","÷–∂»Œ€»æ",132.2,134.6,4.2,1.839,40.5,147,182,2014
2014-07-18,186,"150~249","÷–∂»Œ€»æ",141.8,107,7,1.659,38.2,222,186,2014
2014-07-19,118,"76~148","«·∂»Œ€»æ",82.1,102.3,2.6,0.757,33.4,178,165,2014
2014-07-20,98,"67~135","¡º",66.7,91,3.7,0.724,26,197,158,2014
2014-07-21,51,"26~88","¡º",26.1,42.5,4.5,0.488,23.8,117,70,2014
2014-07-22,39,"25~60","”≈",11.9,36.6,7.1,0.471,39.6,58,37,2014
2014-07-23,63,"42~86","¡º",25.7,74.3,5.7,0.717,59.3,115,110,2014
2014-07-24,87,"63~119","¡º",60.8,112,6.3,0.983,68.3,134,152,2014
2014-07-25,110,"71~134","«·∂»Œ€»æ",64.3,90.6,7,1.23,42.8,207,167,2014
2014-07-26,155,"105~193","÷–∂»Œ€»æ",94,135.5,10.1,1.184,41.3,286,170,2014
2014-07-27,160,"106~198","÷–∂»Œ€»æ",106.5,154.2,17.6,0.982,34.9,282,173,2014
2014-07-28,168,"109~212","÷–∂»Œ€»æ",121.9,155.6,8.9,0.942,32.8,239,178,2014
2014-07-29,165,"118~249","÷–∂»Œ€»æ",125.5,149.5,5,0.859,28.2,201,180,2014
2014-07-30,160,"83~251","÷–∂»Œ€»æ",119.6,68.5,2.6,1.353,28.1,162,181,2014
2014-07-31,246,"207~267","÷ÿ∂»Œ€»æ",195.1,76.4,3.4,1.633,35.9,226,189,2014
2015-07-01,42,"26~73","”≈",17.8,38.3,2.6,0.417,33.7,93,121,2015
2015-07-02,32,"18~47","”≈",8.3,19.8,4,0.339,27.6,99,51,2015
2015-07-03,73,"40~118","¡º",24.2,59.5,10.8,0.945,33.7,206,232,2015
2015-07-04,62,"46~93","¡º",32.5,59,5.8,0.729,44.7,108,216,2015
2015-07-05,106,"75~161","«·∂»Œ€»æ",62.1,71.4,9.4,0.996,36.5,253,331,2015
2015-07-06,119,"89~157","«·∂»Œ€»æ",68.8,75.8,10.1,1.108,33.1,247,343,2015
2015-07-07,117,"76~161","«·∂»Œ€»æ",67.3,86.1,7.4,0.879,32.3,239,335,2015
2015-07-08,175,"110~233","÷–∂»Œ€»æ",124.7,132.1,8.1,1.135,34.8,252,353,2015
2015-07-09,128,"92~173","«·∂»Œ€»æ",72.3,92.5,10.5,0.825,37,260,338,2015
2015-07-10,97,"61~147","¡º",49.9,82.1,8.6,0.683,32.2,228,299,2015
2015-07-11,148,"88~192","«·∂»Œ€»æ",102.7,125.6,9.9,1.054,34.9,275,352,2015
2015-07-12,171,"118~215","÷–∂»Œ€»æ",107.6,158.4,5.1,0.929,46.1,323,356,2015
2015-07-13,112,"60~177","«·∂»Œ€»æ",49.3,83.7,2.7,0.629,43,280,286,2015
2015-07-14,104,"62~149","«·∂»Œ€»æ",35,65.1,4.4,0.6,30.3,240,268,2015
2015-07-15,63,"47~86","¡º",34.5,61.7,3.1,0.623,46.6,140,190,2015
2015-07-16,55,"43~72","¡º",36.6,47.2,2,0.676,29.1,102,153,2015
2015-07-17,50,"26~98","”≈",35.1,43,2.4,0.771,31.6,118,126,2015
2015-07-18,71,"45~110","¡º",47.1,30.5,2,0.79,25.8,165,246,2015
2015-07-19,91,"61~141","¡º",66.4,32.5,2,0.878,31.7,139,301,2015
2015-07-20,112,"88~166","«·∂»Œ€»æ",84.2,46.7,2,0.896,31.7,166,341,2015
2015-07-21,177,"74~233","÷–∂»Œ€»æ",135.4,71.4,2,1.067,33.9,169,353,2015
2015-07-22,88,"25~119","¡º",63.3,36.6,2.5,0.721,34.6,200,290,2015
2015-07-23,57,"28~92","¡º",39.9,38,2,0.781,46.3,176,224,2015
2015-07-24,71,"52~105","¡º",48.7,74.3,2.6,0.867,47.2,210,285,2015
2015-07-25,118,"85~165","«·∂»Œ€»æ",87.1,102.3,3.2,1,39.6,251,347,2015
2015-07-26,143,"98~190","«·∂»Œ€»æ",105.9,125,3.8,0.996,32.5,246,349,2015
2015-07-27,104,"39~153","«·∂»Œ€»æ",77.5,100.4,2.6,0.904,34.4,235,305,2015
2015-07-28,73,"45~111","¡º",49.9,39.5,2.3,0.758,28.3,222,278,2015
2015-07-29,116,"68~159","«·∂»Œ€»æ",87.3,96.9,2,0.933,36.5,219,348,2015
2015-07-30,62,"26~112","¡º",44.2,49.2,2.4,0.913,27.6,117,228,2015
2015-07-31,40,"25~62","”≈",25.2,31.8,2.1,0.667,25.2,158,152,2015
2016-07-01,35,"16~57","”≈",13.8,27.3,2,0.404,23.6,153,157,2016
2016-07-02,78,"48~124","¡º",46.3,63.5,2.5,0.671,37.9,189,313,2016
2016-07-03,107,"65~156","«·∂»Œ€»æ",79,105.3,7.8,0.958,44.5,228,347,2016
2016-07-04,172,"67~267","÷–∂»Œ€»æ",132.7,107,5,1.242,32.3,231,358,2016
2016-07-05,127,"82~159","«·∂»Œ€»æ",94.3,92.8,5,1.004,30.3,247,357,2016
2016-07-06,110,"82~137","«·∂»Œ€»æ",74.5,96.7,5.1,0.933,35.4,233,347,2016
2016-07-07,146,"108~172","«·∂»Œ€»æ",110.6,127.5,7.7,1.254,32.2,248,362,2016
2016-07-08,122,"80~173","«·∂»Œ€»æ",91.4,105.8,5.6,1.188,34.1,232,352,2016
2016-07-09,108,"73~144","«·∂»Œ€»æ",81.4,85.8,3.8,0.792,32.6,224,349,2016
2016-07-10,128,"73~199","«·∂»Œ€»æ",93.2,95.4,4.1,0.817,28.4,210,351,2016
2016-07-11,116,"74~155","«·∂»Œ€»æ",87.8,100.6,6.8,0.717,28.7,203,350,2016
2016-07-12,52,"20~97","¡º",32.9,43.9,4,0.579,29.2,115,184,2016
2016-07-13,46,"20~83","”≈",19.4,34.6,2.4,0.492,32.1,186,185,2016
2016-07-14,57,"41~80","¡º",34.8,63.7,4.2,0.821,42.4,149,273,2016
2016-07-15,52,"36~79","¡º",36.3,29.2,2,0.7,30.2,89,259,2016
2016-07-16,53,"40~69","¡º",37,42.9,2.8,0.742,38.5,95,241,2016
2016-07-17,104,"70~138","«·∂»Œ€»æ",77.3,86.8,2.9,1.121,42.6,250,328,2016
2016-07-18,142,"127~159","«·∂»Œ€»æ",107.9,120.9,4.2,1.267,52.3,150,356,2016
2016-07-19,132,"97~201","«·∂»Œ€»æ",99.8,67.6,2.5,1.263,45.9,57,357,2016
2016-07-20,54,"15~125","¡º",37.3,3.4,2.1,0.746,19.1,57,171,2016
2016-07-21,38,"12~83","”≈",25.4,29.6,2,0.838,26.5,62,145,2016
2016-07-22,102,"73~138","«·∂»Œ€»æ",76.5,46.9,2.1,1.071,31.5,169,351,2016
2016-07-23,164,"40~214","÷–∂»Œ€»æ",124.2,108,2.3,1.204,35.3,209,343,2016
2016-07-24,91,"52~163","¡º",67,70.3,2.5,0.888,31.5,237,292,2016
2016-07-25,66,"42~94","¡º",43.6,52,2.8,0.821,30.2,148,253,2016
2016-07-26,36,"13~78","”≈",18.3,33.8,2.9,0.575,22.4,158,108,2016
2016-07-27,78,"25~143","¡º",49,71.4,2,0.75,35.2,286,259,2016
2016-07-28,68,"29~133","¡º",46.6,57.1,2.1,0.667,30.3,218,197,2016
2016-07-29,155,"112~189","÷–∂»Œ€»æ",117.1,120.7,2.3,1.233,31.8,243,364,2016
2016-07-30,175,"0~500","÷–∂»Œ€»æ",116.3,183.7,1.8,1.392,27.3,118,297,2016
2016-07-31,75,"55~94","¡º",54.9,38.2,2.1,1.013,31.5,112,313,2016
2014-08-01,198,"156~225","÷–∂»Œ€»æ",150.2,127.8,3.1,1.355,35.1,223,187,2014
2014-08-02,164,"125~191","÷–∂»Œ€»æ",124,131.5,2.9,1.073,39,259,184,2014
2014-08-03,152,"86~216","÷–∂»Œ€»æ",110.6,139.3,2.3,1.018,39.1,224,173,2014
2014-08-04,51,"22~98","¡º",31.2,42.9,2.7,0.613,36.1,59,52,2014
2014-08-05,49,"19~82","”≈",24.3,49.8,5.1,0.586,37,169,63,2014
2014-08-06,60,"29~91","¡º",31.4,63.9,2.9,0.591,46.4,122,102,2014
2014-08-07,114,"77~161","«·∂»Œ€»æ",62,92.2,10,1.139,44.9,248,179,2014
2014-08-08,107,"81~140","«·∂»Œ€»æ",64.3,102.7,7.9,1.076,45.1,220,178,2014
2014-08-09,134,"95~186","«·∂»Œ€»æ",80,122.8,9.1,1.071,40.3,229,185,2014
2014-08-10,78,"33~126","¡º",31.8,49,2.9,0.595,32.6,202,116,2014
2014-08-11,51,"27~82","¡º",23.7,48.1,2.9,0.482,39.7,139,63,2014
2014-08-12,71,"29~117","¡º",24.7,57.7,5.6,0.648,44.6,201,107,2014
2014-08-13,45,"29~81","”≈",25.5,35.2,2,0.605,34.2,104,62,2014
2014-08-14,61,"29~104","¡º",29.1,44.2,3.7,0.638,39,196,105,2014
2014-08-15,76,"40~107","¡º",34.5,68.6,4.5,0.62,49.2,210,110,2014
2014-08-16,97,"56~158","¡º",54.8,92.5,6.3,0.87,49.4,250,126,2014
2014-08-17,98,"55~193","¡º",52.7,88.3,4.6,0.787,32,201,151,2014
2014-08-18,88,"50~138","¡º",56.7,84.4,5.6,0.824,38,219,145,2014
2014-08-19,129,"103~157","«·∂»Œ€»æ",84.4,119.1,6,0.973,40.2,239,184,2014
2014-08-20,143,"114~179","«·∂»Œ€»æ",104.3,146.4,13.9,1.086,40.7,256,180,2014
2014-08-21,179,"135~210","÷–∂»Œ€»æ",126.4,168.8,8.8,1.145,48.9,279,181,2014
2014-08-22,80,"35~139","¡º",51.3,80.4,3.3,0.804,57.7,93,98,2014
2014-08-23,142,"113~174","«·∂»Œ€»æ",106.5,137,5,1.095,55.5,251,178,2014
2014-08-24,47,"23~94","”≈",16.8,37.9,4.2,0.448,27.4,110,66,2014
2014-08-25,45,"25~73","”≈",16.4,42,3.8,0.452,36.2,116,50,2014
2014-08-26,61,"36~83","¡º",22.8,65.9,5.5,0.518,55.7,160,76,2014
2014-08-27,91,"61~136","¡º",47.3,106.7,7.6,0.704,59.1,219,145,2014
2014-08-28,104,"81~132","«·∂»Œ€»æ",77.4,118.7,7.1,0.914,53.6,150,168,2014
2014-08-29,99,"75~127","¡º",73.6,82.2,4,0.982,34.7,171,165,2014
2014-08-30,171,"117~208","÷–∂»Œ€»æ",128.8,147.6,4.4,1.53,58.2,77,186,2014
2014-08-31,87,"64~116","¡º",64,49.1,2.2,0.985,29.6,157,159,2014
2015-08-01,91,"60~117","¡º",67.6,79.7,3,1.304,46.9,103,331,2015
2015-08-02,97,"62~137","¡º",72.3,59.7,2,1.183,27.5,212,327,2015
2015-08-03,93,"16~169","¡º",67.5,45.5,3.7,1.158,32.2,93,250,2015
2015-08-04,49,"14~84","”≈",18.5,46.9,3.7,0.508,31.9,187,187,2015
2015-08-05,90,"37~127","¡º",65.9,100.7,3.4,1,42.2,192,318,2015
2015-08-06,79,"29~156","¡º",55,80,2.3,0.783,29.7,206,214,2015
2015-08-07,123,"33~168","«·∂»Œ€»æ",92.5,108.3,3.8,1.083,33.5,192,324,2015
2015-08-08,60,"33~100","¡º",38.3,53,3.3,0.708,33.2,200,220,2015
2015-08-09,87,"55~126","¡º",53.7,79.8,2.8,0.779,36.7,251,318,2015
2015-08-10,72,"40~102","¡º",42.1,71.1,2.3,0.722,39.9,183,304,2015
2015-08-11,130,"93~155","«·∂»Œ€»æ",91.3,123.7,6.1,1.413,36.4,290,354,2015
2015-08-12,117,"90~137","«·∂»Œ€»æ",79.8,124.6,3.8,1.046,35.7,241,342,2015
2015-08-13,158,"137~190","÷–∂»Œ€»æ",120.2,162.2,7.3,1.246,40.8,315,355,2015
2015-08-14,87,"32~173","¡º",60,91.9,3.8,0.821,33.8,123,234,2015
2015-08-15,52,"30~81","¡º",23.5,51.7,3.5,0.592,36,147,184,2015
2015-08-16,89,"46~158","¡º",35.6,86.2,5.8,0.721,40.9,316,257,2015
2015-08-17,117,"84~172","«·∂»Œ€»æ",79.8,158.9,8.3,1.019,41,227,313,2015
2015-08-18,74,"40~115","¡º",49.5,84.3,3.1,0.752,34,188,226,2015
2015-08-19,72,"57~89","¡º",50.9,63.7,2.2,0.758,37.4,191,286,2015
2015-08-20,55,"35~75","¡º",33.7,54.3,2.3,0.608,26.3,172,231,2015
2015-08-21,38,"20~61","”≈",13.3,33.2,2.3,0.429,23.8,160,99,2015
2015-08-22,35,"14~80","”≈",15.3,33,3.4,0.575,21.3,110,77,2015
2015-08-23,38,"20~87","”≈",23.4,34.9,4,0.821,22.8,136,97,2015
2015-08-24,29,"15~48","”≈",12.8,23.2,2,0.471,20.9,119,57,2015
2015-08-25,30,"19~44","”≈",14.3,24.1,2,0.461,23.1,106,51,2015
2015-08-26,30,"19~50","”≈",11.7,22.4,2,0.435,22.7,121,46,2015
2015-08-27,29,"13~44","”≈",11.3,26.3,2,0.442,24.3,130,46,2015
2015-08-28,37,"16~74","”≈",15.7,32.4,3,0.463,25.3,133,91,2015
2015-08-29,55,"29~104","¡º",27,47.9,2.1,0.596,21.5,207,177,2015
2015-08-30,41,"28~58","”≈",27.8,37,2.6,0.95,25.1,103,105,2015
2015-08-31,39,"22~57","”≈",26.5,26.8,2,0.713,25.5,77,105,2015
2016-08-01,92,"69~149","¡º",67.8,68,2.7,1.196,29.8,194,341,2016
2016-08-02,78,"41~165","¡º",52,44,2.2,1.042,30.9,170,284,2016
2016-08-03,90,"65~122","¡º",55.3,70.7,2.6,0.921,32.4,243,344,2016
2016-08-04,133,"98~173","«·∂»Œ€»æ",101,107.5,2.4,1.438,33.4,248,362,2016
2016-08-05,87,"64~125","¡º",64,74.8,2.6,0.838,28.2,179,343,2016
2016-08-06,134,"98~169","«·∂»Œ€»æ",101.3,116.7,2.1,0.983,33.1,171,365,2016
2016-08-07,34,"23~52","”≈",19.7,20.5,2.3,0.638,18.1,135,127,2016
2016-08-08,53,"33~69","¡º",31.4,43.7,2.5,0.796,26.2,164,262,2016
2016-08-09,71,"53~116","¡º",45.3,65,5.8,1.158,38.2,231,305,2016
2016-08-10,111,"87~143","«·∂»Œ€»æ",83.3,94,2.6,0.938,26.9,169,357,2016
2016-08-11,113,"97~130","«·∂»Œ€»æ",85.5,101.8,3.5,0.963,28,180,362,2016
2016-08-12,85,"24~150","¡º",60.8,74,4.4,0.863,37.9,91,256,2016
2016-08-13,38,"23~52","”≈",23,36.9,3.6,0.683,40.5,69,138,2016
2016-08-14,47,"16~92","”≈",20.2,44.8,3.1,0.604,37.7,193,183,2016
2016-08-15,38,"21~79","”≈",21.5,36.9,2.3,0.613,29.8,96,139,2016
2016-08-16,44,"29~70","”≈",23.7,39.1,2,0.596,32,176,163,2016
2016-08-17,85,"49~137","¡º",61.3,76.8,2.6,0.979,58.2,53,299,2016
2016-08-18,103,"60~148","«·∂»Œ€»æ",76.9,1.7,2,1.613,41.9,52,338,2016
2016-08-19,37,"18~68","”≈",19,23.5,2.1,0.921,25,130,137,2016
2016-08-20,81,"58~118","¡º",53.6,66.2,2,1.048,37,235,332,2016
2016-08-21,90,"63~148","¡º",53.1,73.6,2.2,0.938,41.1,295,324,2016
2016-08-22,76,"51~108","¡º",51.5,71.7,4.2,0.926,32,172,285,2016
2016-08-23,94,"67~124","¡º",69.9,92.3,5.8,0.904,41.5,156,335,2016
2016-08-24,108,"88~142","«·∂»Œ€»æ",81.1,97.5,3.5,1.05,48.4,148,342,2016
2016-08-25,37,"0~142","”≈",20,27.5,2.1,0.417,24,83,90,2016
2016-08-26,30,"19~56","”≈",10.3,25.2,2,0.371,31.6,100,88,2016
2016-08-27,40,"24~76","”≈",14.9,38.2,2.8,0.446,39.5,92,139,2016
2016-08-28,33,"22~59","”≈",11.2,29.1,2.3,0.317,34,101,73,2016
2016-08-29,46,"26~63","”≈",18.5,45.3,3.1,0.483,44.5,132,132,2016
2016-08-30,63,"42~102","¡º",30,64.8,3.2,0.617,48.4,204,225,2016
2016-08-31,38,"26~66","”≈",17.5,39.2,3.2,0.45,41.1,98,105,2016
2014-09-01,126,"46~177","«·∂»Œ€»æ",94.9,83.4,3.1,1.605,45.1,119,170,2014
2014-09-02,36,"26~53","”≈",20.1,15.4,2,0.843,31.2,74,41,2014
2014-09-03,36,"18~65","”≈",14.9,34.8,5.2,0.561,37.6,140,55,2014
2014-09-04,76,"60~100","¡º",39.5,90.6,5.2,0.84,61,189,123,2014
2014-09-05,121,"80~196","«·∂»Œ€»æ",86.2,137.6,8.6,1.032,51.3,229,153,2014
2014-09-06,184,"150~204","÷–∂»Œ€»æ",138.3,160.7,11.7,1.404,38.9,219,189,2014
2014-09-07,196,"149~256","÷–∂»Œ€»æ",150.5,182.2,9.8,1.27,43.9,191,186,2014
2014-09-08,47,"28~110","”≈",13.5,30,3.7,0.348,24,110,53,2014
2014-09-09,74,"39~110","¡º",35.8,82.6,5.4,0.652,48.7,204,117,2014
2014-09-10,97,"77~133","¡º",63.4,111,11,1.083,56.7,185,157,2014
2014-09-11,110,"81~135","«·∂»Œ€»æ",82.3,123.5,15.6,1.427,63.8,133,174,2014
2014-09-12,98,"77~144","¡º",72.9,53.8,3.7,0.97,50.7,91,177,2014
2014-09-13,93,"69~115","¡º",67.2,96.2,7.1,0.809,49.3,166,173,2014
2014-09-14,69,"20~111","¡º",41.8,76.6,3.3,0.55,47.5,76,118,2014
2014-09-15,45,"18~76","”≈",17.9,47.9,5,0.396,36.4,100,83,2014
2014-09-16,71,"40~100","¡º",38.1,90.9,4.9,0.591,66.3,45,148,2014
2014-09-17,75,"54~113","¡º",50.7,88.4,3.9,0.714,61.4,78,160,2014
2014-09-18,89,"60~115","¡º",62.3,94.4,3.6,0.735,58.7,149,161,2014
2014-09-19,112,"75~171","«·∂»Œ€»æ",83.7,119.3,6.6,0.904,59.7,142,167,2014
2014-09-20,158,"131~230","÷–∂»Œ€»æ",120.4,124.4,4.9,1.183,52.9,191,182,2014
2014-09-21,132,"82~232","«·∂»Œ€»æ",99.6,118.7,14.8,1.723,46,133,173,2014
2014-09-22,124,"103~149","«·∂»Œ€»æ",93.5,107.6,10.9,1.982,58.8,56,172,2014
2014-09-23,67,"40~120","¡º",47.9,22.3,2.4,1.073,40.2,31,105,2014
2014-09-24,50,"23~97","”≈",33.7,40.2,2.2,0.77,44.8,91,64,2014
2014-09-25,143,"86~205","«·∂»Œ€»æ",107,129.6,3.1,1.29,53,81,170,2014
2014-09-26,164,"111~218","÷–∂»Œ€»æ",124,102.6,8.9,1.573,62,76,174,2014
2014-09-27,52,"22~138","¡º",30,36.2,3,0.587,41.9,96,45,2014
2014-09-28,84,"66~116","¡º",56.1,106.7,8.4,1.215,67.2,64,134,2014
2014-09-29,78,"23~125","¡º",51.4,76.9,3.5,0.892,38.3,73,113,2014
2014-09-30,49,"32~78","”≈",23.7,51.6,7.4,0.617,39,52,82,2014
2015-09-01,19,"13~31","”≈",10.5,13.8,2,0.525,19.5,68,21,2015
2015-09-02,23,"12~33","”≈",9.4,15.7,2.2,0.442,19.1,93,40,2015
2015-09-03,33,"16~55","”≈",14.5,26.1,2,0.488,19.5,142,99,2015
2015-09-04,85,"35~500","¡º",46.8,79.1,2.9,1.492,26.3,90,266,2015
2015-09-05,28,"25~33","”≈",18,11.7,2,0.667,22.4,91,60,2015
2015-09-06,33,"18~57","”≈",17.1,28.6,2.2,0.517,29,129,99,2015
2015-09-07,45,"33~61","”≈",24.3,42.8,2.3,0.658,37.5,161,147,2015
2015-09-08,73,"62~90","¡º",50.8,80,6.4,0.875,51.8,175,287,2015
2015-09-09,50,"13~95","¡º",34.9,51.8,2.8,0.717,42,103,167,2015
2015-09-10,16,"12~28","”≈",8.3,13.1,2,0.417,28.5,37,12,2015
2015-09-11,21,"12~45","”≈",8.3,14.1,2.2,0.379,25.2,76,29,2015
2015-09-12,25,"12~54","”≈",8.4,19.9,2.3,0.358,26.8,76,53,2015
2015-09-13,47,"26~69","”≈",19.1,49.8,3.2,0.554,44.5,127,139,2015
2015-09-14,91,"64~135","¡º",64.9,104.1,10.5,0.863,57.5,177,311,2015
2015-09-15,137,"110~160","«·∂»Œ€»æ",104.2,129.7,14.3,1.15,59.8,234,359,2015
2015-09-16,169,"129~206","÷–∂»Œ€»æ",127.9,140.2,8.4,1.245,62.5,212,361,2015
2015-09-17,196,"153~222","÷–∂»Œ€»æ",148.9,164.9,9.7,1.292,65.7,210,362,2015
2015-09-18,110,"35~255","«·∂»Œ€»æ",80.4,54.1,3.3,0.908,49.3,112,234,2015
2015-09-19,35,"24~51","”≈",16.6,34.5,2,0.5,50.4,55,68,2015
2015-09-20,109,"92~134","«·∂»Œ€»æ",81.8,101.6,11.9,0.963,43.8,177,335,2015
2015-09-21,131,"108~156","«·∂»Œ€»æ",99.2,131.3,16.8,1.221,66.8,210,342,2015
2015-09-22,181,"49~259","÷–∂»Œ€»æ",139.7,135.5,11.3,1.508,62,132,327,2015
2015-09-23,45,"25~80","”≈",30.6,38,2,0.713,44,120,149,2015
2015-09-24,132,"35~251","«·∂»Œ€»æ",100.1,108.5,4.3,1.192,55.3,162,296,2015
2015-09-25,40,"24~61","”≈",20.8,27.3,2.5,0.542,37.3,79,118,2015
2015-09-26,57,"23~88","¡º",32.4,68.5,6.3,0.667,47.6,154,207,2015
2015-09-27,74,"37~99","¡º",49.9,82.8,3.7,0.8,59.1,129,252,2015
2015-09-28,66,"35~102","¡º",46.8,48.5,3.9,1.217,46.1,80,245,2015
2015-09-29,64,"33~94","¡º",46,30.7,2.8,1.154,46,25,229,2015
2015-09-30,42,"30~54","”≈",29,16.9,2.4,0.704,38.5,64,141,2015
2016-09-01,31,"20~60","”≈",7.7,30.6,2.5,0.333,30.6,79,89,2016
2016-09-02,34,"15~47","”≈",12.3,33.8,2.1,0.396,32.6,70,80,2016
2016-09-03,40,"18~72","”≈",19.5,41.9,2.3,0.45,33.9,177,95,2016
2016-09-04,107,"58~178","«·∂»Œ€»æ",79.4,103.7,5.2,1.021,46.1,194,304,2016
2016-09-05,47,"28~68","”≈",27.9,40.3,2.1,0.525,31.6,100,122,2016
2016-09-06,36,"0~60","”≈",17.9,36.1,3,0.488,38.3,86,93,2016
2016-09-07,51,"28~90","¡º",29,44.8,3.5,0.583,34.7,192,162,2016
2016-09-08,41,"29~59","”≈",22,40.5,2.5,0.591,44,120,99,2016
2016-09-09,40,"20~55","”≈",18.6,38.8,3,0.504,42.7,80,100,2016
2016-09-10,39,"20~67","”≈",16.3,40.5,2.7,0.475,42.2,108,125,2016
2016-09-11,50,"29~120","¡º",33.3,46.2,2.2,0.8,30.8,136,170,2016
2016-09-12,47,"35~70","”≈",32.8,45,2.1,0.754,35.2,145,151,2016
2016-09-13,116,"70~169","«·∂»Œ€»æ",87.1,93.3,2.9,1.083,53.8,169,334,2016
2016-09-14,135,"64~201","«·∂»Œ€»æ",101.6,111,3.8,1.125,48.9,196,342,2016
2016-09-15,101,"62~203","«·∂»Œ€»æ",73.2,87.2,3.6,0.904,44.2,207,303,2016
2016-09-16,183,"55~235","÷–∂»Œ€»æ",136,147.3,3.8,1.171,39.3,215,345,2016
2016-09-17,62,"32~94","¡º",42,43.5,2.5,0.787,36,82,225,2016
2016-09-18,36,"32~40","”≈",24.5,14.1,2.2,0.6,29.3,24,97,2016
2016-09-19,31,"13~55","”≈",12.3,25.9,2,0.433,32.5,80,55,2016
2016-09-20,40,"19~65","”≈",19.8,39.7,2.5,0.542,44.4,110,89,2016
2016-09-21,89,"63~117","¡º",64.5,96.6,4.6,0.954,75.2,58,298,2016
2016-09-22,135,"110~172","«·∂»Œ€»æ",102.5,122.9,7.2,1.083,58.2,143,355,2016
2016-09-23,164,"115~222","÷–∂»Œ€»æ",124.6,63.7,3.3,1.15,45.6,217,361,2016
2016-09-24,151,"46~267","÷–∂»Œ€»æ",116,129,3.9,1.096,53.3,215,277,2016
2016-09-25,214,"129~273","÷ÿ∂»Œ€»æ",166.6,155.2,3.7,1.542,52.5,114,362,2016
2016-09-26,81,"30~129","¡º",59.4,49.3,2.4,1.192,44.6,82,230,2016
2016-09-27,44,"19~117","”≈",26,33.6,2,0.646,25.2,65,111,2016
2016-09-28,29,"15~68","”≈",14.8,30.5,2.8,0.404,35.5,67,93,2016
2016-09-29,76,"39~113","¡º",52.4,81.1,5.3,0.674,58.2,116,298,2016
2016-09-30,131,"98~178","«·∂»Œ€»æ",98.8,134,7,0.938,74.8,180,348,2016
2014-10-01,91,"71~114","¡º",66.5,77.3,4.2,0.974,57.3,8,163,2014
2014-10-02,76,"57~89","¡º",54.5,51.1,4,0.959,46.3,55,112,2014
2014-10-03,120,"72~192","«·∂»Œ€»æ",89.2,108.3,4.2,1.596,52.3,25,146,2014
2014-10-04,101,"71~174","«·∂»Œ€»æ",75.1,48.4,2.4,1.145,39,68,156,2014
2014-10-05,48,"21~91","”≈",29.7,40.2,2,0.694,29.9,78,48,2014
2014-10-06,48,"31~86","”≈",25.1,50,2.8,0.45,46.9,82,30,2014
2014-10-07,180,"88~267","÷–∂»Œ€»æ",139.6,181.1,12.3,1.288,86.4,121,163,2014
2014-10-08,310,"248~383","—œ÷ÿŒ€»æ",258.8,292.2,9.7,2.095,102.5,83,184,2014
2014-10-09,380,"348~417","—œ÷ÿŒ€»æ",330.6,353,5.7,2.286,92,111,187,2014
2014-10-10,351,"314~396","—œ÷ÿŒ€»æ",300.4,268.5,12.7,2.355,84.5,134,186,2014
2014-10-11,233,"25~351","÷ÿ∂»Œ€»æ",190.3,126.2,6.6,1.805,60.8,73,147,2014
2014-10-12,25,"20~28","”≈",6.2,8.9,2.9,0.261,22.3,61,10,2014
2014-10-13,33,"17~75","”≈",13.1,31.2,4.5,0.329,33.9,60,21,2014
2014-10-14,72,"50~120","¡º",43,88.3,7.6,0.687,61.2,83,62,2014
2014-10-15,81,"33~131","¡º",43.3,99.1,4.5,0.591,43.7,71,55,2014
2014-10-16,73,"48~104","¡º",33.9,93.9,7.5,0.633,54.7,91,68,2014
2014-10-17,128,"85~192","«·∂»Œ€»æ",93.8,176.2,11.1,1.219,104.2,78,136,2014
2014-10-18,195,"116~296","÷–∂»Œ€»æ",152,229.2,17.1,2.013,114.7,163,159,2014
2014-10-19,294,"238~360","÷ÿ∂»Œ€»æ",242.9,313.3,11.7,2.45,118.7,88,188,2014
2014-10-20,249,"170~299","÷ÿ∂»Œ€»æ",198.2,212.2,4.8,1.553,73.9,72,184,2014
2014-10-21,67,"40~90","¡º",33.9,81.4,19.2,1.22,57,39,75,2014
2014-10-22,101,"69~135","«·∂»Œ€»æ",71.2,136.2,11,1.282,75,12,119,2014
2014-10-23,157,"121~210","÷–∂»Œ€»æ",118.5,175.5,13.1,1.532,85.2,38,151,2014
2014-10-24,268,"195~349","÷ÿ∂»Œ€»æ",217.1,265.5,11.2,2.1,88.4,99,181,2014
2014-10-25,341,"274~420","—œ÷ÿŒ€»æ",291.4,327,6.4,2.435,87.4,103,187,2014
2014-10-26,86,"17~370","¡º",58.9,62,2.7,0.664,39.8,69,45,2014
2014-10-27,52,"20~83","¡º",25.3,61,11.2,0.67,51.8,54,46,2014
2014-10-28,83,"60~100","¡º",60.1,106.3,11.6,0.989,69.2,45,114,2014
2014-10-29,140,"110~188","«·∂»Œ€»æ",105.1,161.1,12.6,1.295,88.7,55,162,2014
2014-10-30,203,"172~235","÷ÿ∂»Œ€»æ",155,194.3,16.6,1.676,99.2,35,173,2014
2014-10-31,201,"168~225","÷ÿ∂»Œ€»æ",152.3,180.5,10.5,2.124,88.7,22,168,2014
2015-10-01,31,"14~58","”≈",13.7,22.9,2,0.333,24.1,70,75,2015
2015-10-02,58,"44~89","¡º",29,66.5,3.4,0.613,46.9,108,150,2015
2015-10-03,55,"20~87","¡º",26.7,66,3.8,0.658,48.4,104,141,2015
2015-10-04,142,"72~257","«·∂»Œ€»æ",108.7,146.8,9.5,1.296,76.1,180,292,2015
2015-10-05,266,"200~354","÷ÿ∂»Œ€»æ",216.4,217.4,9,1.721,80.1,225,356,2015
2015-10-06,346,"298~449","—œ÷ÿŒ€»æ",293.2,189.7,7.6,1.979,83,248,363,2015
2015-10-07,316,"18~393","—œ÷ÿŒ€»æ",269.9,96.9,7.5,1.838,78.8,169,338,2015
2015-10-08,28,"15~54","”≈",10.4,26.3,2.2,0.308,21.3,67,58,2015
2015-10-09,40,"14~61","”≈",16.6,42.2,2.5,0.371,30.4,70,118,2015
2015-10-10,22,"12~32","”≈",8.4,21.5,2.1,0.255,15.7,57,35,2015
2015-10-11,26,"16~39","”≈",10.2,24.8,2.2,0.308,20.1,79,52,2015
2015-10-12,39,"20~67","”≈",16.8,40.7,3,0.467,46.3,88,72,2015
2015-10-13,58,"23~107","¡º",32.6,67.8,5.5,0.738,65.7,100,111,2015
2015-10-14,129,"102~175","«·∂»Œ€»æ",97.4,135.5,15.5,1.917,93.8,96,288,2015
2015-10-15,143,"113~204","«·∂»Œ€»æ",108,132.9,9.1,1.463,91,166,297,2015
2015-10-16,244,"138~357","÷ÿ∂»Œ€»æ",197.7,218.5,12.8,2.008,110.4,210,335,2015
2015-10-17,345,"309~382","—œ÷ÿŒ€»æ",295.3,181,13.3,2.488,120.4,131,365,2015
2015-10-18,80,"19~329","¡º",56.3,42,6.9,0.842,44.4,53,154,2015
2015-10-19,81,"42~134","¡º",54,99.2,6.7,0.817,58.4,66,185,2015
2015-10-20,103,"76~134","«·∂»Œ€»æ",75.9,113.3,8.5,1.408,67,26,248,2015
2015-10-21,70,"50~100","¡º",50.8,37.6,2.5,0.942,40.8,29,156,2015
2015-10-22,46,"23~98","”≈",31,35.5,2.2,0.729,42.8,30,71,2015
2015-10-23,72,"52~114","¡º",51.9,63.6,2.5,0.848,52.4,63,145,2015
2015-10-24,79,"53~110","¡º",56.6,75.8,5.7,1.054,52.8,65,190,2015
2015-10-25,59,"47~84","¡º",36.7,67.5,9.7,0.935,60,31,156,2015
2015-10-26,60,"40~90","¡º",29.5,48.4,2.1,0.49,30.7,55,161,2015
2015-10-27,45,"24~67","”≈",15.4,48.1,2.8,0.457,36.5,58,116,2015
2015-10-28,22,"12~35","”≈",7.8,20.6,2.8,0.292,24.1,62,15,2015
2015-10-29,23,"14~34","”≈",7.4,22.2,2.5,0.3,19.4,63,28,2015
2015-10-30,44,"22~74","”≈",23.5,48.2,3.8,0.621,44.4,55,127,2015
2015-10-31,61,"32~115","¡º",41.2,69,4.7,0.846,57.2,57,208,2015
2016-10-01,216,"180~255","÷ÿ∂»Œ€»æ",167.2,198.6,11,1.338,85.9,149,361,2016
2016-10-02,236,"211~266","÷ÿ∂»Œ€»æ",185.6,192.5,6,1.4,73.9,156,362,2016
2016-10-03,160,"83~216","÷–∂»Œ€»æ",121.4,145.5,3.4,1.146,60.2,151,349,2016
2016-10-04,57,"39~165","¡º",34.9,53.9,3.4,1.079,36.9,75,183,2016
2016-10-05,79,"36~124","¡º",56.8,66.4,2.1,1.213,40.4,71,263,2016
2016-10-06,97,"68~120","¡º",72.4,86.5,4,1.633,49.1,23,324,2016
2016-10-07,57,"22~72","¡º",40.8,12,2.1,1.638,43.5,35,217,2016
2016-10-08,26,"13~56","”≈",11.6,23.6,2.3,0.425,24.5,68,61,2016
2016-10-09,56,"43~73","¡º",31.6,62.4,4.3,0.717,52.4,51,230,2016
2016-10-10,117,"65~196","«·∂»Œ€»æ",87.3,121.2,9.4,1.158,76.7,41,328,2016
2016-10-11,155,"78~201","÷–∂»Œ€»æ",117.2,141.6,7.5,1.413,67.1,75,356,2016
2016-10-12,104,"68~158","«·∂»Œ€»æ",77.5,98.8,6,1.167,63.2,78,303,2016
2016-10-13,195,"132~276","÷–∂»Œ€»æ",152.1,176.5,4.6,1.513,74.8,94,352,2016
2016-10-14,293,"229~381","÷ÿ∂»Œ€»æ",242.9,284.5,5.9,2.004,93.8,102,366,2016
2016-10-15,239,"212~299","÷ÿ∂»Œ€»æ",189.4,218.6,4.2,1.954,87,6,365,2016
2016-10-16,156,"117~221","÷–∂»Œ€»æ",118.5,28.3,3.2,1.054,58.8,73,361,2016
2016-10-17,88,"36~160","¡º",63.3,80.9,2.5,0.904,52.7,84,251,2016
2016-10-18,155,"84~243","÷–∂»Œ€»æ",118.5,154.8,5.5,1.758,71.7,15,328,2016
2016-10-19,278,"224~345","÷ÿ∂»Œ€»æ",228.3,247.8,5.2,2.233,83,63,363,2016
2016-10-20,126,"57~293","«·∂»Œ€»æ",94.5,95.2,6.5,1.475,55.5,37,285,2016
2016-10-21,61,"45~79","¡º",43.6,20.3,2,0.833,41.2,34,261,2016
2016-10-22,25,"10~50","”≈",14.8,13.3,2.1,0.558,29.8,40,75,2016
2016-10-23,46,"34~67","”≈",27.3,48.8,3.6,0.617,43.6,46,218,2016
2016-10-24,90,"58~129","¡º",62.5,110.5,3,1.133,58.5,7,322,2016
2016-10-25,132,"87~179","«·∂»Œ€»æ",99.6,134.5,3,1.45,73.4,12,349,2016
2016-10-26,78,"18~163","¡º",45.5,81.2,3.3,0.813,50.4,59,242,2016
2016-10-27,52,"29~74","¡º",31.2,53.1,5,1.038,50.8,15,222,2016
2016-10-28,27,"15~51","”≈",11.4,22.4,2.4,0.404,29.5,65,78,2016
2016-10-29,52,"34~76","¡º",24.4,57.9,4.3,0.55,46.8,52,232,2016
2016-10-30,68,"15~119","¡º",45.8,84.7,5.5,0.775,44.6,60,225,2016
2016-10-31,25,"15~42","”≈",8.6,22.9,3.4,0.304,17.8,61,43,2016
2014-11-01,87,"24~222","¡º",57.3,85.9,5.9,1.068,49.3,55,73,2014
2014-11-02,30,"20~46","”≈",7.3,24.6,3.9,0.33,23.4,63,15,2014
2014-11-03,50,"26~71","”≈",23.7,53.8,5.1,0.748,44.4,77,39,2014
2014-11-04,126,"64~242","«·∂»Œ€»æ",94.1,134,15.7,1.357,69.5,61,116,2014
2014-11-05,110,"29~237","«·∂»Œ€»æ",76.3,98.2,7.4,1.224,51.4,69,88,2014
2014-11-06,34,"26~65","”≈",9,20.3,3,0.329,21.3,67,15,2014
2014-11-07,62,"55~69","¡º",41.8,67.9,13.5,1.182,47.8,34,82,2014
2014-11-08,91,"70~113","¡º",67.2,85.1,10.2,1.419,54.9,75,140,2014
2014-11-09,80,"48~110","¡º",57.8,77.8,6.6,1.11,57.5,78,98,2014
2014-11-10,92,"60~156","¡º",67.9,87.1,8.7,1.348,66.7,50,81,2014
2014-11-11,70,"25~158","¡º",34,66.5,4.1,0.692,31,63,55,2014
2014-11-12,42,"27~63","”≈",5.2,41,2.7,0.226,10.3,70,40,2014
2014-11-13,44,"22~67","”≈",22.2,44.6,7.3,0.739,46.9,63,29,2014
2014-11-14,54,"26~103","¡º",33,60,15,1.042,56.8,53,31,2014
2014-11-15,123,"64~231","«·∂»Œ€»æ",92.5,137.4,31.4,2.044,84.3,10,119,2014
2014-11-16,106,"22~215","«·∂»Œ€»æ",74.9,108.9,15.6,1.582,55,56,83,2014
2014-11-17,38,"19~82","”≈",21.8,40.5,13.7,0.746,45.5,65,14,2014
2014-11-18,78,"57~179","¡º",55.4,93,28.3,1.725,69.4,24,54,2014
2014-11-19,267,"158~353","÷ÿ∂»Œ€»æ",217.7,284.7,43.8,3.314,122.8,9,177,2014
2014-11-20,342,"302~419","—œ÷ÿŒ€»æ",291.6,360,29.5,3.726,135.9,14,186,2014
2014-11-21,225,"33~427","÷ÿ∂»Œ€»æ",186.9,238.5,20.7,2.827,111,37,127,2014
2014-11-22,50,"18~138","”≈",31.4,54.2,14.3,0.821,55.4,49,24,2014
2014-11-23,156,"114~216","÷–∂»Œ€»æ",118.4,166,22.2,2.377,91.2,9,132,2014
2014-11-24,103,"34~219","«·∂»Œ€»æ",75.1,112.5,15.6,1.762,72.3,44,113,2014
2014-11-25,174,"98~290","÷–∂»Œ€»æ",135.7,178.4,28.2,2.495,93.6,26,166,2014
2014-11-26,283,"223~384","÷ÿ∂»Œ€»æ",231.6,287.9,37.9,3.563,120.2,8,183,2014
2014-11-27,102,"26~394","«·∂»Œ€»æ",72.7,108.4,11.6,1.204,57,45,67,2014
2014-11-28,111,"64~225","«·∂»Œ€»æ",78.8,146.8,22.3,1.617,71.7,36,142,2014
2014-11-29,268,"220~321","÷ÿ∂»Œ€»æ",217,297.4,18.9,3.427,91.7,3,186,2014
2014-11-30,209,"26~500","÷ÿ∂»Œ€»æ",88.5,241.3,9.3,1.339,40.3,59,154,2014
2015-11-01,96,"54~149","¡º",71.4,100,7.2,1.006,77.5,57,271,2015
2015-11-02,103,"62~152","«·∂»Œ€»æ",77.1,111.8,7.6,1.354,77.8,66,255,2015
2015-11-03,191,"152~255","÷–∂»Œ€»æ",147.2,177.8,15.4,1.917,88.9,101,333,2015
2015-11-04,254,"210~304","÷ÿ∂»Œ€»æ",204.2,215.6,14.1,1.97,107.6,47,361,2015
2015-11-05,150,"28~297","«·∂»Œ€»æ",119,24.6,6.6,1.075,56.5,30,217,2015
2015-11-06,28,"20~36","”≈",19.3,2.3,2.2,0.521,28.5,41,69,2015
2015-11-07,27,"18~36","”≈",18.9,9.9,2.2,0.55,28.4,43,56,2015
2015-11-08,78,"38~127","¡º",56.9,48,2.8,0.85,45.4,41,210,2015
2015-11-09,164,"124~195","÷–∂»Œ€»æ",124.4,120.3,3.5,1.575,56.8,12,333,2015
2015-11-10,174,"152~201","÷–∂»Œ€»æ",131.2,78.7,3.8,1.57,54.7,5,338,2015
2015-11-11,139,"85~201","«·∂»Œ€»æ",105.4,30.3,4.4,1.871,55,18,299,2015
2015-11-12,197,"128~261","÷–∂»Œ€»æ",153.5,88,5.8,2.45,59.4,4,327,2015
2015-11-13,257,"220~280","÷ÿ∂»Œ€»æ",206.7,156.8,14.4,3.046,69.3,5,359,2015
2015-11-14,322,"273~394","—œ÷ÿŒ€»æ",272,184.4,17.3,3.575,82.4,16,363,2015
2015-11-15,254,"84~342","÷ÿ∂»Œ€»æ",206,147.5,13.3,3.321,71.1,55,354,2015
2015-11-16,79,"62~104","¡º",57.4,43,9.7,1.458,51.8,23,249,2015
2015-11-17,83,"32~117","¡º",60.9,82.5,7.1,1.529,45.1,29,268,2015
2015-11-18,90,"62~124","¡º",66.4,77.5,7.4,1.126,44.8,13,317,2015
2015-11-19,103,"68~124","«·∂»Œ€»æ",77.3,19.8,3.5,1.613,45,3,311,2015
2015-11-20,89,"57~123","¡º",65.6,0,8.7,2.343,43.1,3,263,2015
2015-11-21,58,"40~90","¡º",41.2,5,7.2,2.138,40.9,5,169,2015
2015-11-22,71,"52~109","¡º",51.2,1.8,6.9,1.041,38.7,35,274,2015
2015-11-23,42,"26~66","”≈",28,18.2,10.3,0.743,28.7,57,148,2015
2015-11-24,55,"18~109","¡º",39.4,32.9,7.5,0.953,47.1,46,212,2015
2015-11-25,72,"17~124","¡º",52.2,16.3,9.8,1.138,39,54,210,2015
2015-11-26,48,"15~160","”≈",32.8,41.1,10.4,0.777,34.5,59,110,2015
2015-11-27,256,"170~347","÷ÿ∂»Œ€»æ",206.8,189,35.6,2.804,91.6,18,360,2015
2015-11-28,310,"251~357","—œ÷ÿŒ€»æ",260.3,249.7,43.1,3.896,102.5,19,361,2015
2015-11-29,300,"192~367","—œ÷ÿŒ€»æ",250.2,287.3,40.1,4.87,107.5,31,350,2015
2015-11-30,356,"74~500","—œ÷ÿŒ€»æ",334,346.7,22.7,5.757,121.7,11,331,2015
2016-11-01,63,"35~112","¡º",41.9,69.1,8.2,0.713,53.2,49,221,2016
2016-11-02,138,"112~204","«·∂»Œ€»æ",104.6,146.4,10.2,1.446,81.6,32,332,2016
2016-11-03,235,"142~326","÷ÿ∂»Œ€»æ",189.3,234.2,9.3,2.483,103.5,15,352,2016
2016-11-04,294,"241~375","÷ÿ∂»Œ€»æ",243.8,286.7,5.6,3.404,117.5,20,358,2016
2016-11-05,232,"175~264","÷ÿ∂»Œ€»æ",183,200.3,4.7,3.179,97.5,53,340,2016
2016-11-06,97,"62~175","¡º",71.9,91.8,9.4,1.183,55.5,49,178,2016
2016-11-07,58,"16~144","¡º",41.1,51.9,3.6,0.825,40.7,55,113,2016
2016-11-08,57,"19~118","¡º",35.9,61.4,6.4,0.804,51.6,48,182,2016
2016-11-09,194,"114~275","÷–∂»Œ€»æ",152.6,188.3,13.6,2.488,84.5,6,355,2016
2016-11-10,202,"72~282","÷ÿ∂»Œ€»æ",156.7,192.4,8.9,1.863,71.5,24,339,2016
2016-11-11,109,"62~162","«·∂»Œ€»æ",81.8,121.2,6.9,1.629,64.7,26,290,2016
2016-11-12,100,"67~139","«·∂»Œ€»æ",75,123.5,9.7,1.539,65.8,42,269,2016
2016-11-13,127,"65~216","«·∂»Œ€»æ",95.1,153.3,10.8,2.204,71.1,4,238,2016
2016-11-14,78,"27~209","¡º",44.4,82.6,4,0.979,37,67,120,2016
2016-11-15,58,"24~129","¡º",36,69,12.4,1.235,59.4,33,116,2016
2016-11-16,129,"95~203","«·∂»Œ€»æ",97.2,140.7,15.6,2.148,79.6,35,295,2016
2016-11-17,151,"104~208","÷–∂»Œ€»æ",114.2,161.6,22,2.546,71,8,300,2016
2016-11-18,241,"209~276","÷ÿ∂»Œ€»æ",190.8,285.2,19.4,3.752,86.9,3,337,2016
2016-11-19,168,"42~273","÷–∂»Œ€»æ",128.9,156.6,9.3,1.921,66.3,66,0,2016
2016-11-20,76,"18~143","¡º",55,57.7,4.4,1.146,43.1,34,0,2016
2016-11-21,20,"15~26","”≈",10,13.7,3,0.375,14.7,62,0,2016
2016-11-22,22,"16~36","”≈",8.5,21.6,4.2,0.4,19.8,58,0,2016
2016-11-23,35,"14~56","”≈",19.1,34.1,8.5,0.579,34.5,50,0,2016
2016-11-24,97,"23~215","¡º",69.7,97.1,17,1.346,67.4,35,0,2016
2016-11-25,199,"122~359","÷–∂»Œ€»æ",157.6,199.9,24,2.588,96.1,10,0,2016
2016-11-26,316,"249~360","—œ÷ÿŒ€»æ",265,367.6,22.3,3.471,116.7,25,0,2016
2016-11-27,81,"19~342","¡º",59.7,98.4,7.4,1.017,47.7,62,0,2016
2016-11-28,83,"40~128","¡º",60.2,97.8,17.6,1.613,76.2,20,0,2016
2016-11-29,129,"69~189","«·∂»Œ€»æ",97.5,145.2,25.7,2.613,81.8,6,0,2016
2016-11-30,125,"16~231","«·∂»Œ€»æ",92.5,132.2,15.3,2.213,69,62,0,2016
2014-12-01,56,"20~466","¡º",9.8,56.7,6,0.482,18.1,59,27,2014
2014-12-02,25,"16~55","”≈",11.9,21.1,9.6,0.655,34.2,37,6,2014
2014-12-03,56,"37~73","¡º",7.9,63.4,5.7,0.3,14.3,63,59,2014
2014-12-04,33,"27~47","”≈",7.3,29.5,6.4,0.329,16.9,63,35,2014
2014-12-05,42,"20~127","”≈",24.6,45,16.4,0.77,40.1,63,33,2014
2014-12-06,83,"34~132","¡º",58.2,90.7,33.2,1.761,68.8,43,82,2014
2014-12-07,75,"28~144","¡º",49.1,77.1,27.3,1.467,48.2,55,75,2014
2014-12-08,78,"22~164","¡º",55.5,80.3,29.5,1.288,59.8,41,78,2014
2014-12-09,267,"178~331","÷ÿ∂»Œ€»æ",216.6,280,65,4.796,108.3,7,182,2014
2014-12-10,186,"30~324","÷–∂»Œ€»æ",127.3,216.1,27.5,2.521,61.3,64,130,2014
2014-12-11,40,"19~85","”≈",19.8,38.3,15.1,0.578,31.7,60,29,2014
2014-12-12,41,"23~63","”≈",11,40.9,7.9,0.442,21.8,56,21,2014
2014-12-13,68,"32~128","¡º",42.2,79.5,23.7,1.125,48.8,44,61,2014
2014-12-14,110,"55~182","«·∂»Œ€»æ",81.8,123,42.8,2.07,74.9,34,94,2014
2014-12-15,109,"26~249","«·∂»Œ€»æ",63.9,116.9,26.6,1.496,44.3,65,67,2014
2014-12-16,34,"24~52","”≈",6.8,29.8,5.9,0.332,13.9,57,13,2014
2014-12-17,95,"26~189","¡º",67.2,111.2,32.5,1.561,62.7,50,117,2014
2014-12-18,186,"139~233","÷–∂»Œ€»æ",142.7,193.7,79,3.87,93.2,13,170,2014
2014-12-19,57,"24~209","¡º",31.4,54.2,14.4,0.97,33,65,33,2014
2014-12-20,22,"16~39","”≈",8.6,17,10,0.479,23.8,53,3,2014
2014-12-21,39,"22~75","”≈",15.2,36.3,13.3,0.608,29.8,51,25,2014
2014-12-22,94,"56~139","¡º",69.3,114,39.5,2.092,73.6,41,101,2014
2014-12-23,99,"41~146","¡º",73,110.3,48.6,2.435,76.7,33,73,2014
2014-12-24,32,"28~41","”≈",12,30.7,16.6,0.504,32.3,64,5,2014
2014-12-25,43,"21~99","”≈",27,43.4,22.3,1,53.2,66,20,2014
2014-12-26,152,"94~223","÷–∂»Œ€»æ",114.7,154.8,58.4,3.013,91.6,12,139,2014
2014-12-27,239,"179~340","÷ÿ∂»Œ€»æ",189.7,235.7,70.3,4.135,124.6,12,165,2014
2014-12-28,161,"67~320","÷–∂»Œ€»æ",120.7,186.1,51,2.775,91.3,66,111,2014
2014-12-29,134,"52~242","«·∂»Œ€»æ",96.1,165.4,41.4,2.758,83.4,61,91,2014
2014-12-30,53,"23~119","¡º",24.2,60.5,21.7,1.039,50.7,63,24,2014
2014-12-31,44,"26~94","”≈",5.8,46,6.5,0.317,12.1,60,42,2014
2015-12-01,473,"374~500","—œ÷ÿŒ€»æ",477.5,451.4,36.2,8.142,136.5,7,365,2015
2015-12-02,32,"12~185","”≈",14.8,22.5,3.7,0.447,18.3,51,43,2015
2015-12-03,25,"13~45","”≈",10,24.5,4.6,0.388,15.6,50,33,2015
2015-12-04,41,"11~132","”≈",26.9,40.5,10.5,0.8,39.9,55,82,2015
2015-12-05,70,"34~138","¡º",49.2,70.5,17.1,1.421,61.3,54,196,2015
2015-12-06,166,"90~241","÷–∂»Œ€»æ",127.3,150.1,31.2,2.792,86.5,14,314,2015
2015-12-07,229,"203~259","÷ÿ∂»Œ€»æ",178.6,197.2,37.5,3.421,93.3,10,335,2015
2015-12-08,293,"248~319","÷ÿ∂»Œ€»æ",243.2,244.3,20,4.367,91.8,9,347,2015
2015-12-09,295,"261~339","÷ÿ∂»Œ€»æ",245.3,9.9,32.2,3.663,93.9,13,345,2015
2015-12-10,134,"21~312","«·∂»Œ€»æ",105.7,3.3,15.8,1.917,53.4,65,175,2015
2015-12-11,64,"30~140","¡º",43.6,54.7,14.1,1.318,59,41,146,2015
2015-12-12,159,"70~309","÷–∂»Œ€»æ",124.9,152.7,22.3,2.708,85,17,283,2015
2015-12-13,221,"102~344","÷ÿ∂»Œ€»æ",177.3,204.9,39,3.888,97.8,17,325,2015
2015-12-14,206,"20~328","÷ÿ∂»Œ€»æ",167.7,47,16.9,2.888,78.8,50,269,2015
2015-12-15,17,"14~20","”≈",7.6,11.1,3.6,0.404,15.8,58,6,2015
2015-12-16,15,"12~19","”≈",7.1,12.4,4.1,0.45,17.6,45,4,2015
2015-12-17,79,"20~182","¡º",57.7,73.9,17.7,1.488,59.9,30,201,2015
2015-12-18,84,"36~172","¡º",59.4,85.3,17.3,1.729,63.7,46,174,2015
2015-12-19,163,"120~216","÷–∂»Œ€»æ",123.5,150.1,29,2.942,86.3,15,306,2015
2015-12-20,245,"208~321","÷ÿ∂»Œ€»æ",195.3,205,27.4,3.604,100.9,14,335,2015
2015-12-21,278,"222~382","÷ÿ∂»Œ€»æ",228.2,235.1,22.4,4.083,102.9,16,317,2015
2015-12-22,337,"213~448","—œ÷ÿŒ€»æ",294.3,300.8,29.5,5.229,103.4,11,334,2015
2015-12-23,316,"132~428","—œ÷ÿŒ€»æ",269.8,297.6,21.1,5.021,105.8,51,312,2015
2015-12-24,157,"57~433","÷–∂»Œ€»æ",124.2,142.1,17.6,2.367,76.4,56,234,2015
2015-12-25,475,"445~500","—œ÷ÿŒ€»æ",476.7,480.8,12.6,7.174,140.2,11,364,2015
2015-12-26,326,"171~473","—œ÷ÿŒ€»æ",282,380,9.2,5.158,105.8,15,355,2015
2015-12-27,64,"25~118","¡º",46.5,31.1,12.2,1.113,52.6,23,154,2015
2015-12-28,141,"98~272","«·∂»Œ€»æ",108,118.2,22.3,2.3,77.8,21,282,2015
2015-12-29,316,"238~472","—œ÷ÿŒ€»æ",271.3,308.6,34.2,4.292,117.7,12,353,2015
2015-12-30,119,"20~446","«·∂»Œ€»æ",93.9,94.7,12,1.717,58,65,135,2015
2015-12-31,88,"42~225","¡º",59.6,86,15.5,1.704,69.7,29,134,2015
2016-12-01,47,"15~132","”≈",28.6,47.8,8,0.758,46,66,0,2016
2016-12-02,126,"58~245","«·∂»Œ€»æ",95.2,120.9,19.2,2.017,84.4,26,0,2016
2016-12-03,238,"110~445","÷ÿ∂»Œ€»æ",198.1,237.1,24.4,3.292,110.5,17,0,2016
2016-12-04,303,"92~454","—œ÷ÿŒ€»æ",261.5,312.6,18.2,3.75,107.2,33,0,2016
2016-12-05,78,"20~252","¡º",50.4,81,8.1,1.096,43.2,65,0,2016
2016-12-06,107,"51~199","«·∂»Œ€»æ",79.2,120.4,20.7,2.204,90,14,0,2016
2016-12-07,166,"68~236","÷–∂»Œ€»æ",126.9,167.9,23.5,2.679,100.3,22,0,2016
2016-12-08,132,"18~254","«·∂»Œ€»æ",94.2,129.1,12.1,1.833,57.1,70,0,2016
2016-12-09,36,"15~80","”≈",22.5,38.4,9,0.717,40.8,58,0,2016
2016-12-10,66,"36~113","¡º",46.6,71.4,14.2,1.4,63.7,34,0,2016
2016-12-11,209,"132~279","÷ÿ∂»Œ€»æ",163.9,197.9,33.6,3.3,99.8,12,0,2016
2016-12-12,225,"0~285","÷ÿ∂»Œ€»æ",183.6,202.5,33.8,2.458,85.8,46,0,2016
2016-12-13,77,"0~257","¡º",55.6,57.4,9.6,1.226,50.2,45,0,2016
2016-12-14,39,"13~100","”≈",25.2,39.9,10.4,0.754,44.5,52,0,2016
2016-12-15,52,"27~104","¡º",27.1,53.9,10.3,0.896,43.3,64,0,2016
2016-12-16,142,"49~257","«·∂»Œ€»æ",107.1,142.5,21.2,2.121,90.2,17,0,2016
2016-12-17,236,"122~367","÷ÿ∂»Œ€»æ",191.5,219.9,31.7,3.229,104,17,0,2016
2016-12-18,273,"231~325","÷ÿ∂»Œ€»æ",222.5,245.9,25,3.492,102.4,22,0,2016
2016-12-19,269,"214~408","÷ÿ∂»Œ€»æ",218.9,248,22.7,3.971,109.9,21,0,2016
2016-12-20,416,"381~451","—œ÷ÿŒ€»æ",373.9,424.5,8.3,7.879,134.8,8,0,2016
2016-12-21,430,"395~457","—œ÷ÿŒ€»æ",394.5,431,11.1,7.996,153.5,10,0,2016
2016-12-22,120,"19~446","«·∂»Œ€»æ",74.6,130.2,6.3,1.588,40.3,64,0,2016
2016-12-23,48,"20~107","”≈",32.2,43.7,7.9,0.75,45.4,47,0,2016
2016-12-24,157,"103~212","÷–∂»Œ€»æ",118.4,147,26,2.638,88.2,17,0,2016
2016-12-25,191,"153~229","÷–∂»Œ€»æ",145.6,167.9,28.6,2.842,96.3,6,0,2016
2016-12-26,66,"18~217","¡º",47.1,56.5,16.5,1.033,49.5,59,0,2016
2016-12-27,56,"20~169","¡º",36.7,54.8,9.1,0.821,44,64,0,2016
2016-12-28,96,"13~207","¡º",66.5,82.6,10,1.067,41.3,55,0,2016
2016-12-29,75,"20~324","¡º",54.7,79.3,12.2,0.988,50.6,35,0,2016
2016-12-30,259,"166~357","÷ÿ∂»Œ€»æ",210.5,253,19.3,3.233,98.8,12,0,2016
2016-12-31,340,"243~458","—œ÷ÿŒ€»æ",293.7,343.8,21.3,4.525,129.3,12,0,2016
